시군구별,행정동,비율,기울기,2023_출생아수,2023_동별_추정출생아수,연간_인구감소폭,2024_출생아수,2025_출생아수,2026_출생아수,2027_출생아수,2028_출생아수,2029_출생아수
강남구,개포1동,0.04376953997320232,-211.17857142857136,2296.0,100,-9.243188923626615,91,82,73,64,54,45
강남구,개포2동,0.1397945511389013,-211.17857142857136,2296.0,321,-29.521613603011538,291,262,232,203,173,144
강남구,개포3동,0.04242965609647164,-211.17857142857136,2296.0,97,-8.960234160658453,88,79,71,62,53,44
강남구,개포4동,0.054041983028137563,-211.17857142857136,2296.0,124,-11.41250877304919,113,101,90,78,67,56
강남구,논현1동,0.026797677534613668,-211.17857142857136,2296.0,62,-5.659095259363235,56,50,45,39,33,28
강남구,논현2동,0.03930326038410004,-211.17857142857136,2296.0,90,-8.30000638039941,82,74,65,57,49,40
강남구,대치1동,0.010719071013845467,-211.17857142857136,2296.0,25,-2.2636381037452935,22,20,18,16,13,11
강남구,대치2동,0.037516748548459135,-211.17857142857136,2296.0,86,-7.922733363108528,78,70,62,54,47,39
강남구,대치4동,0.02188476998660116,-211.17857142857136,2296.0,50,-4.621594461813308,46,41,36,32,27,23
강남구,도곡1동,0.027690933452434122,-211.17857142857136,2296.0,64,-5.847731768008676,58,52,46,40,34,28
강남구,도곡2동,0.0482358195623046,-211.17857142857136,2296.0,111,-10.18637146685382,101,90,80,70,60,50
강남구,삼성1동,0.021438142027690933,-211.17857142857136,2296.0,49,-4.527276207490587,45,40,36,31,27,22
강남구,삼성2동,0.051362215274676194,-211.17857142857136,2296.0,118,-10.846599247112866,107,96,85,75,64,53
강남구,세곡동,0.10317105850826262,-211.17857142857136,2296.0,237,-21.78751674854845,215,193,172,150,128,106
강남구,수서동,0.03528360875390799,-211.17857142857136,2296.0,81,-7.4511420914949245,74,66,59,51,44,36
강남구,신사동,0.028584189370254576,-211.17857142857136,2296.0,66,-6.036368276654116,60,54,48,41,35,29
강남구,압구정동,0.048682447521214825,-211.17857142857136,2296.0,112,-10.280689721176541,101,91,81,71,60,50
강남구,역삼1동,0.055381866904868245,-211.17857142857136,2296.0,127,-11.695463536017352,115,104,92,80,69,57
강남구,역삼2동,0.04600267976775346,-211.17857142857136,2296.0,106,-9.71478019524022,96,86,76,67,57,47
강남구,일원1동,0.025457793657882984,-211.17857142857136,2296.0,58,-5.376140496395073,53,48,42,37,32,26
강남구,일원본동,0.041536400178651185,-211.17857142857136,2296.0,95,-8.771597652013014,87,78,69,60,52,43
강남구,청담동,0.05091558731576597,-211.17857142857136,2296.0,117,-10.752280992790146,106,95,85,74,63,52
강동구,강일동,0.07866273352999016,0.0,0.0,0,0.0,0,0,0,0,0,0
강동구,고덕제1동,0.030973451327433628,0.0,0.0,0,0.0,0,0,0,0,0,0
강동구,고덕제2동,0.06833824975417896,0.0,0.0,0,0.0,0,0,0,0,0,0
강동구,길동,0.08898721730580138,0.0,0.0,0,0.0,0,0,0,0,0,0
강동구,둔촌제1동,0.0,0.0,0.0,0,0.0,0,0,0,0,0,0
강동구,둔촌제2동,0.05703048180924287,0.0,0.0,0,0.0,0,0,0,0,0,0
강동구,명일제1동,0.07177974434611603,0.0,0.0,0,0.0,0,0,0,0,0,0
강동구,명일제2동,0.021140609636184856,0.0,0.0,0,0.0,0,0,0,0,0,0
강동구,상일제1동,0.09882005899705015,0.0,0.0,0,0.0,0,0,0,0,0,0
강동구,상일제2동,0.028515240904621434,0.0,0.0,0,0.0,0,0,0,0,0,0
강동구,성내제1동,0.046214355948869225,0.0,0.0,0,0.0,0,0,0,0,0,0
강동구,성내제2동,0.046214355948869225,0.0,0.0,0,0.0,0,0,0,0,0,0
강동구,성내제3동,0.03982300884955752,0.0,0.0,0,0.0,0,0,0,0,0,0
강동구,암사제1동,0.06440511307767945,0.0,0.0,0,0.0,0,0,0,0,0,0
강동구,암사제2동,0.05801376597836775,0.0,0.0,0,0.0,0,0,0,0,0,0
강동구,암사제3동,0.03146509341199607,0.0,0.0,0,0.0,0,0,0,0,0,0
강동구,천호제1동,0.03982300884955752,0.0,0.0,0,0.0,0,0,0,0,0,0
강동구,천호제2동,0.06981317600786627,0.0,0.0,0,0.0,0,0,0,0,0,0
강동구,천호제3동,0.0599803343166175,0.0,0.0,0,0.0,0,0,0,0,0,0
강북구,미아동,0.05443234836702955,-144.60714285714283,826.0,45,-7.871306376360808,37,29,21,13,6,-2
강북구,번1동,0.038880248833592534,-144.60714285714283,826.0,32,-5.622361697400577,26,21,15,10,4,-2
강북구,번2동,0.038880248833592534,-144.60714285714283,826.0,32,-5.622361697400577,26,21,15,10,4,-2
강북구,번3동,0.06842923794712286,-144.60714285714283,826.0,57,-9.895356587425015,47,37,27,17,7,-3
강북구,삼각산동,0.14463452566096424,-144.60714285714283,826.0,119,-20.915185514330147,99,78,57,36,15,-6
강북구,삼양동,0.09642301710730948,-144.60714285714283,826.0,80,-13.943457009553429,66,52,38,24,10,-4
강북구,송중동,0.13841368584758942,-144.60714285714283,826.0,114,-20.01560764274605,94,74,54,34,14,-6
강북구,송천동,0.06220839813374806,-144.60714285714283,826.0,51,-8.995778715840924,42,33,24,15,6,-3
강북구,수유1동,0.06531881804043546,-144.60714285714283,826.0,54,-9.445567651632969,45,35,26,16,7,-3
강북구,수유2동,0.07309486780715396,-144.60714285714283,826.0,60,-10.570039991113084,50,39,29,18,8,-3
강북구,수유3동,0.05132192846034215,-144.60714285714283,826.0,42,-7.421517440568762,35,28,20,13,5,-2
강북구,우이동,0.07465007776049767,-144.60714285714283,826.0,62,-10.794934459009108,51,40,29,18,8,-3
강북구,인수동,0.09331259720062209,-144.60714285714283,826.0,77,-13.493668073761384,64,50,37,23,10,-4
강서구,가양제1동,0.06337135614702155,-361.4285714285713,2635.0,167,-22.904218721709206,144,121,98,75,52,30
강서구,가양제2동,0.019433882551753275,-361.4285714285713,2635.0,51,-7.023960407990823,44,37,30,23,16,9
강서구,가양제3동,0.0452049007182087,-361.4285714285713,2635.0,119,-16.338342688152565,103,86,70,54,37,21
강서구,공항동,0.05787917194761301,-361.4285714285713,2635.0,153,-20.919186432494406,132,111,90,69,48,27
강서구,등촌제1동,0.06337135614702155,-361.4285714285713,2635.0,167,-22.904218721709206,144,121,98,75,52,30
강서구,등촌제2동,0.03633291085762569,-361.4285714285713,2635.0,96,-13.131752067113279,83,69,56,43,30,17
강서구,등촌제3동,0.053231939163498096,-361.4285714285713,2635.0,140,-19.23954372623573,121,102,83,63,44,25
강서구,발산제1동,0.053231939163498096,-361.4285714285713,2635.0,140,-19.23954372623573,121,102,83,63,44,25
강서구,방화제1동,0.059146599070553446,-361.4285714285713,2635.0,156,-21.377270806928593,134,113,92,70,49,28
강서구,방화제2동,0.04267004647232784,-361.4285714285713,2635.0,112,-15.422173939284198,97,82,66,51,35,20
강서구,방화제3동,0.05238698774820448,-361.4285714285713,2635.0,138,-18.93415414327961,119,100,81,62,43,24
강서구,염창동,0.11702577101816646,-361.4285714285713,2635.0,308,-42.296457239423,266,224,181,139,97,55
강서구,우장산동,0.05576679340937896,-361.4285714285713,2635.0,147,-20.155712475104103,127,107,86,66,46,26
강서구,화곡본동,0.044359949302915085,-361.4285714285713,2635.0,117,-16.032953105196444,101,85,69,53,37,21
강서구,화곡제1동,0.08871989860583017,-361.4285714285713,2635.0,234,-32.06590621039289,202,170,138,106,73,41
강서구,화곡제2동,0.018166455428812844,-361.4285714285713,2635.0,48,-6.5658760335566395,41,35,28,22,15,8
강서구,화곡제3동,0.030840726658217153,-361.4285714285713,2635.0,81,-11.14671977789848,70,59,48,37,26,14
강서구,화곡제4동,0.024926066751161807,-361.4285714285713,2635.0,66,-9.00899269720562,57,48,39,30,21,12
강서구,화곡제6동,0.04731727925644275,-361.4285714285713,2635.0,125,-17.101816645542872,108,90,73,56,39,22
강서구,화곡제8동,0.026615969581749048,-361.4285714285713,2635.0,70,-9.619771863117865,61,51,41,32,22,12
관악구,낙성대동,0.04795050270688322,-242.78571428571422,1489.0,71,-11.641697050049716,60,48,36,25,13,2
관악구,난곡동,0.042536736272235115,-242.78571428571422,1489.0,63,-10.327311899237651,53,43,32,22,12,1
관악구,난향동,0.03634957463263728,-242.78571428571422,1489.0,54,-8.82515744116672,45,36,28,19,10,1
관악구,남현동,0.038669760247486466,-242.78571428571422,1489.0,58,-9.388465362943318,48,39,29,20,11,1
관악구,대학동,0.03557617942768755,-242.78571428571422,1489.0,53,-8.637388133907853,44,36,27,18,10,1
관악구,미성동,0.04949729311678268,-242.78571428571422,1489.0,74,-12.01723566456745,62,50,38,26,14,2
관악구,보라매동,0.04949729311678268,-242.78571428571422,1489.0,74,-12.01723566456745,62,50,38,26,14,2
관악구,삼성동,0.02242846094354215,-242.78571428571422,1489.0,33,-5.445309910507125,28,23,17,12,6,1
관악구,서림동,0.03944315545243619,-242.78571428571422,1489.0,59,-9.576234670202185,49,40,30,20,11,1
관악구,서원동,0.037122969837587005,-242.78571428571422,1489.0,55,-9.012926748425585,46,37,28,19,10,1
관악구,성현동,0.07965970610982212,-242.78571428571422,1489.0,119,-19.340238647663238,99,80,61,41,22,3
관악구,신림동,0.027068832173240527,-242.78571428571422,1489.0,40,-6.571925754060324,34,27,21,14,7,1
관악구,신사동,0.029389017788089715,-242.78571428571422,1489.0,44,-7.135233675836923,37,29,22,15,8,1
관악구,신원동,0.02165506573859242,-242.78571428571422,1489.0,32,-5.257540603248258,27,22,16,11,6,1
관악구,은천동,0.07733952049497293,-242.78571428571422,1489.0,115,-18.776930725886636,96,78,59,40,21,2
관악구,인헌동,0.05336426914153132,-242.78571428571422,1489.0,79,-12.956082200861779,67,54,41,28,15,2
관악구,조원동,0.08197989172467131,-242.78571428571422,1489.0,122,-19.903546569439836,102,82,62,42,23,3
관악구,중앙동,0.025522041763341066,-242.78571428571422,1489.0,38,-6.1963871395425905,32,26,19,13,7,1
관악구,청룡동,0.07037896365042537,-242.78571428571422,1489.0,105,-17.08700696055684,88,71,54,36,19,2
관악구,청림동,0.0765661252900232,-242.78571428571422,1489.0,114,-18.58916141862777,95,77,58,40,21,2
관악구,행운동,0.058004640371229696,-242.78571428571422,1489.0,86,-14.082698044414977,72,58,44,30,16,2
광진구,광장동,0.08789237668161436,-202.10714285714286,1231.0,108,-17.763677130044844,90,73,55,37,19,2
광진구,구의제1동,0.06816143497757847,-202.10714285714286,1231.0,84,-13.775912876361305,70,56,43,29,15,1
광진구,구의제2동,0.08340807174887892,-202.10714285714286,1231.0,103,-16.857367072389494,86,69,52,35,18,2
광진구,구의제3동,0.10582959641255606,-202.10714285714286,1231.0,130,-21.38891736066624,109,87,66,45,23,2
광진구,군자동,0.04663677130044843,-202.10714285714286,1231.0,57,-9.425624599615631,48,39,29,20,10,1
광진구,능동,0.03856502242152467,-202.10714285714286,1231.0,47,-7.794266495836004,40,32,24,16,9,1
광진구,자양제1동,0.06547085201793722,-202.10714285714286,1231.0,81,-13.232126841768098,67,54,41,28,14,1
광진구,자양제2동,0.08878923766816144,-202.10714285714286,1231.0,109,-17.944939141575915,91,73,55,38,20,2
광진구,자양제3동,0.10941704035874439,-202.10714285714286,1231.0,135,-22.11396540679052,113,90,68,46,24,2
광진구,자양제4동,0.06367713004484304,-202.10714285714286,1231.0,78,-12.869602818705957,66,53,40,27,14,1
광진구,중곡제1동,0.04035874439461883,-202.10714285714286,1231.0,50,-8.156790518898141,42,33,25,17,9,1
광진구,중곡제2동,0.05829596412556054,-202.10714285714286,1231.0,72,-11.782030749519539,60,48,36,25,13,1
광진구,중곡제3동,0.04394618834080718,-202.10714285714286,1231.0,54,-8.881838565022422,45,36,27,19,10,1
광진구,중곡제4동,0.06636771300448431,-202.10714285714286,1231.0,82,-13.41338885329917,68,55,41,28,15,1
광진구,화양동,0.033183856502242155,-202.10714285714286,1231.0,41,-6.706694426649585,34,27,21,14,7,1
구로구,가리봉동,0.00717835450027609,-179.96428571428567,1937.0,14,-1.2918474402461146,13,11,10,9,7,6
구로구,개봉제1동,0.09442297073440088,-179.96428571428567,1937.0,183,-16.992762483237353,166,149,132,115,98,81
구로구,개봉제2동,0.06626173384870238,-179.96428571428567,1937.0,128,-11.924745602271829,116,104,93,81,69,57
구로구,개봉제3동,0.03589177250138045,-179.96428571428567,1937.0,70,-6.459237201230573,63,57,50,44,37,31
구로구,고척제1동,0.10657095527332965,-179.96428571428567,1937.0,206,-19.178965843653856,187,168,149,130,111,91
구로구,고척제2동,0.03589177250138045,-179.96428571428567,1937.0,70,-6.459237201230573,63,57,50,44,37,31
구로구,구로제1동,0.078961899503037,-179.96428571428567,1937.0,153,-14.210321842707263,139,125,110,96,82,68
구로구,구로제2동,0.02816123688569851,-179.96428571428567,1937.0,55,-5.068016880965527,49,44,39,34,29,24
구로구,구로제3동,0.04417448923246825,-179.96428571428567,1937.0,86,-7.949830401514552,78,70,62,54,46,38
구로구,구로제4동,0.03368304803975704,-179.96428571428567,1937.0,65,-6.061745681154846,59,53,47,41,35,29
구로구,구로제5동,0.09497515184980673,-179.96428571428567,1937.0,184,-17.092135363256286,167,150,133,116,99,81
구로구,수궁동,0.060739922694643844,-179.96428571428567,1937.0,118,-10.931016802082508,107,96,85,74,63,52
구로구,신도림동,0.12203202650469354,-179.96428571428567,1937.0,236,-21.96140648418395,214,192,170,149,127,105
구로구,오류제1동,0.06294864715626726,-179.96428571428567,1937.0,122,-11.328508322158237,111,99,88,77,65,54
구로구,오류제2동,0.07564881281060187,-179.96428571428567,1937.0,147,-13.61408456259367,133,119,106,92,78,65
구로구,항동,0.05245720596355605,-179.96428571428567,1937.0,102,-9.44042360179853,92,83,73,64,54,45
금천구,가산동,0.08435374149659863,-84.53571428571426,963.0,81,-7.130903790087461,74,67,60,53,46,38
금천구,독산제1동,0.35918367346938773,-84.53571428571426,963.0,346,-30.36384839650145,316,285,255,224,194,164
금천구,독산제2동,0.050340136054421766,-84.53571428571426,963.0,48,-4.255539358600582,44,40,36,31,27,23
금천구,독산제3동,0.10204081632653061,-84.53571428571426,963.0,98,-8.62609329446064,90,81,72,64,55,47
금천구,독산제4동,0.031292517006802724,-84.53571428571426,963.0,30,-2.6453352769679297,27,25,22,20,17,14
금천구,시흥제1동,0.1306122448979592,-84.53571428571426,963.0,126,-11.04139941690962,115,104,93,82,71,60
금천구,시흥제2동,0.09523809523809523,-84.53571428571426,963.0,92,-8.051020408163263,84,76,68,60,51,43
금천구,시흥제3동,0.02312925170068027,-84.53571428571426,963.0,22,-1.955247813411078,20,18,16,14,12,11
금천구,시흥제4동,0.06394557823129252,-84.53571428571426,963.0,62,-5.405685131195334,56,51,45,40,35,29
금천구,시흥제5동,0.05986394557823129,-84.53571428571426,963.0,58,-5.060641399416908,53,48,42,37,32,27
노원구,공릉1동,0.05056818181818182,-207.07142857142853,2091.0,106,-10.471225649350647,95,85,74,64,53,43
노원구,공릉2동,0.10625,-207.07142857142853,2091.0,222,-22.00133928571428,200,178,156,134,112,90
노원구,상계10동,0.0659090909090909,-207.07142857142853,2091.0,138,-13.647889610389607,124,111,97,83,70,56
노원구,상계1동,0.05738636363636364,-207.07142857142853,2091.0,120,-11.883076298701296,108,96,84,72,61,49
노원구,상계2동,0.020454545454545454,-207.07142857142853,2091.0,43,-4.235551948051947,39,34,30,26,22,17
노원구,상계3.4동,0.03238636363636364,-207.07142857142853,2091.0,68,-6.706290584415583,61,54,48,41,34,27
노원구,상계5동,0.036931818181818184,-207.07142857142853,2091.0,77,-7.647524350649349,70,62,54,47,39,31
노원구,상계6.7동,0.09318181818181819,-207.07142857142853,2091.0,195,-19.295292207792205,176,156,137,118,98,79
노원구,상계8동,0.15454545454545454,-207.07142857142853,2091.0,323,-32.00194805194804,291,259,227,195,163,131
노원구,상계9동,0.036931818181818184,-207.07142857142853,2091.0,77,-7.647524350649349,70,62,54,47,39,31
노원구,월계1동,0.03068181818181818,-207.07142857142853,2091.0,64,-6.353327922077921,58,51,45,39,32,26
노원구,월계2동,0.05113636363636364,-207.07142857142853,2091.0,107,-10.588879870129869,96,86,75,65,54,43
노원구,월계3동,0.08125,-207.07142857142853,2091.0,170,-16.82455357142857,153,136,119,103,86,69
노원구,중계1동,0.013636363636363636,-207.07142857142853,2091.0,29,-2.823701298701298,26,23,20,17,14,12
노원구,중계2.3동,0.06306818181818181,-207.07142857142853,2091.0,132,-13.059618506493504,119,106,93,80,67,54
노원구,중계4동,0.023863636363636365,-207.07142857142853,2091.0,50,-4.941477272727272,45,40,35,30,25,20
노원구,중계본동,0.01818181818181818,-207.07142857142853,2091.0,38,-3.764935064935064,34,30,27,23,19,15
노원구,하계1동,0.031818181818181815,-207.07142857142853,2091.0,67,-6.588636363636361,60,53,47,40,34,27
노원구,하계2동,0.031818181818181815,-207.07142857142853,2091.0,67,-6.588636363636361,60,53,47,40,34,27
도봉구,도봉제1동,0.051031487513572206,-156.5,971.0,50,-7.98642779587405,42,34,26,18,10,2
도봉구,도봉제2동,0.10857763300760044,-156.5,971.0,105,-16.992399565689468,88,71,54,37,20,3
도봉구,방학제1동,0.05754614549402823,-156.5,971.0,56,-9.005971769815417,47,38,29,20,11,2
도봉구,방학제2동,0.04234527687296417,-156.5,971.0,41,-6.627035830618892,34,28,21,15,8,1
도봉구,방학제3동,0.0738327904451683,-156.5,971.0,72,-11.554831704668839,60,49,37,25,14,2
도봉구,쌍문제1동,0.05646036916395222,-156.5,971.0,55,-8.836047774158523,46,37,28,19,11,2
도봉구,쌍문제2동,0.05863192182410423,-156.5,971.0,57,-9.175895765472312,48,39,29,20,11,2
도봉구,쌍문제3동,0.0727470141150923,-156.5,971.0,71,-11.384907709011944,59,48,36,25,14,2
도봉구,쌍문제4동,0.05754614549402823,-156.5,971.0,56,-9.005971769815417,47,38,29,20,11,2
도봉구,창제1동,0.08034744842562432,-156.5,971.0,78,-12.574375678610206,65,53,40,28,15,3
도봉구,창제2동,0.0998914223669924,-156.5,971.0,97,-15.633007600434311,81,66,50,34,19,3
도봉구,창제3동,0.02823018458197611,-156.5,971.0,27,-4.418023887079261,23,19,14,10,5,1
도봉구,창제4동,0.10966340933767643,-156.5,971.0,106,-17.162323561346362,89,72,55,38,21,4
도봉구,창제5동,0.10314875135722042,-156.5,971.0,100,-16.142779587404995,84,68,52,36,19,3
동대문구,답십리제1동,0.13327882256745707,-121.24999999999996,1359.0,181,-16.160057236304166,165,149,133,116,100,84
동대문구,답십리제2동,0.09975470155355683,-121.24999999999996,1359.0,136,-12.095257563368762,123,111,99,87,75,63
동대문구,용신동,0.1267375306623058,-121.24999999999996,1359.0,172,-15.366925592804574,157,142,126,111,95,80
동대문구,이문제1동,0.03025347506132461,-121.24999999999996,1359.0,41,-3.6682338511856076,37,34,30,26,23,19
동대문구,이문제2동,0.050695012264922325,-121.24999999999996,1359.0,69,-6.14677023712183,63,57,50,44,38,32
동대문구,장안제1동,0.10466067048242028,-121.24999999999996,1359.0,142,-12.690106295993454,130,117,104,91,79,66
동대문구,장안제2동,0.1267375306623058,-121.24999999999996,1359.0,172,-15.366925592804574,157,142,126,111,95,80
동대문구,전농제1동,0.11447260834014718,-121.24999999999996,1359.0,156,-13.87980376124284,142,128,114,100,86,72
동대문구,전농제2동,0.044971381847914965,-121.24999999999996,1359.0,61,-5.452780049059688,56,50,45,39,34,28
동대문구,제기동,0.03434178250204415,-121.24999999999996,1359.0,47,-4.163941128372851,43,38,34,30,26,22
동대문구,청량리동,0.02616516762060507,-121.24999999999996,1359.0,36,-3.1725265739983635,32,29,26,23,20,17
동대문구,회기동,0.01062959934587081,-121.24999999999996,1359.0,14,-1.2888389206868351,13,12,11,9,8,7
동대문구,휘경제1동,0.03761242845461979,-121.24999999999996,1359.0,51,-4.560506950122648,47,42,37,33,28,24
동대문구,휘경제2동,0.059689288634505316,-121.24999999999996,1359.0,81,-7.237326246933767,74,67,59,52,45,38
동작구,노량진제1동,0.0987012987012987,-185.5357142857143,1695.0,167,-18.312615955473103,149,131,112,94,76,57
동작구,노량진제2동,0.007792207792207792,-185.5357142857143,1695.0,13,-1.4457328385899817,12,10,9,7,6,5
동작구,대방동,0.07077922077922078,-185.5357142857143,1695.0,120,-13.132073283858999,107,94,81,67,54,41
동작구,사당제1동,0.04025974025974026,-185.5357142857143,1695.0,68,-7.469619666048239,61,53,46,38,31,23
동작구,사당제2동,0.10584415584415584,-185.5357142857143,1695.0,179,-19.637871057513916,160,140,120,101,81,62
동작구,사당제3동,0.06948051948051948,-185.5357142857143,1695.0,118,-12.891117810760669,105,92,79,66,53,40
동작구,사당제4동,0.03506493506493506,-185.5357142857143,1695.0,59,-6.505797773654916,53,46,40,33,27,20
동작구,사당제5동,0.053246753246753244,-185.5357142857143,1695.0,90,-9.87917439703154,80,70,61,51,41,31
동작구,상도제1동,0.1,-185.5357142857143,1695.0,170,-18.55357142857143,151,132,114,95,77,58
동작구,상도제2동,0.09415584415584416,-185.5357142857143,1695.0,160,-17.469271799628945,142,125,107,90,72,55
동작구,상도제3동,0.04025974025974026,-185.5357142857143,1695.0,68,-7.469619666048239,61,53,46,38,31,23
동작구,상도제4동,0.06623376623376623,-185.5357142857143,1695.0,112,-12.288729128014843,100,88,75,63,51,39
동작구,신대방제1동,0.05519480519480519,-185.5357142857143,1695.0,94,-10.240607606679037,83,73,63,53,42,32
동작구,신대방제2동,0.06818181818181818,-185.5357142857143,1695.0,116,-12.650162337662339,103,90,78,65,52,40
동작구,흑석동,0.09480519480519481,-185.5357142857143,1695.0,161,-17.58974953617811,143,126,108,90,73,55
마포구,공덕동,0.10351826792963464,-201.14285714285714,1571.0,163,-20.82196017784651,142,121,100,79,59,38
마포구,대흥동,0.033152909336941816,-201.14285714285714,1571.0,52,-6.668470906630582,45,39,32,25,19,12
마포구,도화동,0.05751014884979702,-201.14285714285714,1571.0,90,-11.567755654359171,79,67,56,44,33,21
마포구,망원제1동,0.03856562922868741,-201.14285714285714,1571.0,61,-7.7572008505702685,53,45,37,30,22,14
마포구,망원제2동,0.031799729364005415,-201.14285714285714,1571.0,50,-6.396288420645661,44,37,31,24,18,12
마포구,상암동,0.05074424898511502,-201.14285714285714,1571.0,80,-10.206843224434564,70,59,49,39,29,18
마포구,서강동,0.05751014884979702,-201.14285714285714,1571.0,90,-11.567755654359171,79,67,56,44,33,21
마포구,서교동,0.03721244925575101,-201.14285714285714,1571.0,58,-7.485018364585346,51,43,36,29,21,14
마포구,성산제1동,0.036535859269282815,-201.14285714285714,1571.0,57,-7.348927121592886,50,43,35,28,21,13
마포구,성산제2동,0.13058186738836267,-201.14285714285714,1571.0,205,-26.265609897544948,179,153,126,100,74,48
마포구,신수동,0.07239512855209743,-201.14285714285714,1571.0,114,-14.561763000193311,99,85,70,55,41,26
마포구,아현동,0.16576454668470908,-201.14285714285714,1571.0,260,-33.342354533152914,227,194,160,127,94,60
마포구,연남동,0.031799729364005415,-201.14285714285714,1571.0,50,-6.396288420645661,44,37,31,24,18,12
마포구,염리동,0.05345060893098782,-201.14285714285714,1571.0,84,-10.751208196404408,73,62,52,41,30,19
마포구,용강동,0.060216508795669824,-201.14285714285714,1571.0,95,-12.112120626329016,82,70,58,46,34,22
마포구,합정동,0.03924221921515562,-201.14285714285714,1571.0,62,-7.89329209356273,54,46,38,30,22,14
서대문구,남가좌제1동,0.05573770491803279,-89.03571428571426,1301.0,73,-4.9626463700234185,68,63,58,53,48,43
서대문구,남가좌제2동,0.10245901639344263,-89.03571428571426,1301.0,133,-9.122511709601872,124,115,106,97,88,79
서대문구,북가좌제1동,0.05737704918032787,-89.03571428571426,1301.0,75,-5.108606557377048,70,64,59,54,49,44
서대문구,북가좌제2동,0.07131147540983607,-89.03571428571426,1301.0,93,-6.349268149882903,86,80,74,67,61,55
서대문구,북아현동,0.08442622950819673,-89.03571428571426,1301.0,110,-7.516949648711942,102,95,87,80,72,65
서대문구,신촌동,0.05,-89.03571428571426,1301.0,65,-4.451785714285713,61,56,52,47,43,38
서대문구,연희동,0.06967213114754098,-89.03571428571426,1301.0,91,-6.203307962529272,84,78,72,66,60,53
서대문구,천연동,0.07540983606557378,-89.03571428571426,1301.0,98,-6.714168618266978,91,85,78,71,65,58
서대문구,충현동,0.06147540983606557,-89.03571428571426,1301.0,80,-5.473507025761123,75,69,64,58,53,47
서대문구,홍은제1동,0.08196721311475409,-89.03571428571426,1301.0,107,-7.298009367681496,99,92,85,77,70,63
서대문구,홍은제2동,0.09754098360655737,-89.03571428571426,1301.0,127,-8.684631147540982,118,110,101,92,83,75
서대문구,홍제제1동,0.0942622950819672,-89.03571428571426,1301.0,123,-8.392710772833722,114,106,97,89,81,72
서대문구,홍제제2동,0.04180327868852459,-89.03571428571426,1301.0,54,-3.7219847775175636,51,47,43,39,36,32
서대문구,홍제제3동,0.056557377049180325,-89.03571428571426,1301.0,74,-5.035626463700233,69,64,58,53,48,43
서초구,내곡동,0.04833647206528562,-232.67857142857142,1687.0,82,-11.246861268047708,70,59,48,37,25,14
서초구,반포1동,0.0696798493408663,-232.67857142857142,1687.0,118,-16.21300780199085,101,85,69,53,36,20
서초구,반포2동,0.062146892655367235,-232.67857142857142,1687.0,105,-14.460250201775626,90,76,61,47,33,18
서초구,반포3동,0.064030131826742,-232.67857142857142,1687.0,108,-14.898439601829432,93,78,63,48,34,19
서초구,반포4동,0.04770872567482737,-232.67857142857142,1687.0,80,-11.100798134696438,69,58,47,36,25,14
서초구,반포본동,0.0006277463904582549,-232.67857142857142,1687.0,1,-0.14606313335126894,1,1,1,0,0,0
서초구,방배1동,0.03954802259887006,-232.67857142857142,1687.0,67,-9.201977401129945,58,48,39,30,21,12
서초구,방배2동,0.044569993722536096,-232.67857142857142,1687.0,75,-10.370482467940095,65,54,44,34,23,13
서초구,방배3동,0.035781544256120526,-232.67857142857142,1687.0,60,-8.32559860102233,52,44,35,27,19,10
서초구,방배4동,0.03954802259887006,-232.67857142857142,1687.0,67,-9.201977401129945,58,48,39,30,21,12
서초구,방배본동,0.021343377275580666,-232.67857142857142,1687.0,36,-4.966146533943144,31,26,21,16,11,6
서초구,서초1동,0.0514752040175769,-232.67857142857142,1687.0,87,-11.977176934804053,75,63,51,39,27,15
서초구,서초2동,0.08913998744507219,-232.67857142857142,1687.0,150,-20.74096493588019,130,109,88,67,47,26
서초구,서초3동,0.07470182046453233,-232.67857142857142,1687.0,126,-17.381512868801003,109,91,74,56,39,22
서초구,서초4동,0.06277463904582549,-232.67857142857142,1687.0,106,-14.606313335126895,91,77,62,47,33,18
서초구,양재1동,0.13057124921531701,-232.67857142857142,1687.0,220,-30.38113173706394,190,160,129,99,68,38
서초구,양재2동,0.052102950408035156,-232.67857142857142,1687.0,88,-12.123240068155322,76,64,52,39,27,15
서초구,잠원동,0.06591337099811675,-232.67857142857142,1687.0,111,-15.336629001883237,96,81,65,50,35,19
성동구,금호1가동,0.06364922206506365,-164.53571428571422,1483.0,94,-10.472570216205291,84,73,63,53,42,32
성동구,금호2.3가동,0.09759547383309759,-164.53571428571422,1483.0,145,-16.057940998181444,129,113,97,81,64,48
성동구,금호4가동,0.06718528995756719,-164.53571428571422,1483.0,100,-11.05437967266114,89,78,66,55,44,33
성동구,마장동,0.06647807637906648,-164.53571428571422,1483.0,99,-10.93801778136997,88,77,66,55,44,33
성동구,사근동,0.016973125884016973,-164.53571428571422,1483.0,25,-2.792685390988077,22,20,17,14,11,8
성동구,성수1가제1동,0.05374823196605375,-164.53571428571422,1483.0,80,-8.843503738128913,71,62,53,44,35,27
성동구,성수1가제2동,0.04526166902404526,-164.53571428571422,1483.0,67,-7.447161042634873,60,52,45,37,30,22
성동구,성수2가제1동,0.04384724186704385,-164.53571428571422,1483.0,65,-7.2144372600525335,58,51,43,36,29,22
성동구,성수2가제3동,0.02616690240452617,-164.53571428571422,1483.0,39,-4.305389977773286,35,30,26,22,17,13
성동구,송정동,0.014144271570014143,-164.53571428571422,1483.0,21,-2.3272378258233974,19,16,14,12,9,7
성동구,옥수동,0.13366336633663367,-164.53571428571422,1483.0,198,-21.99239745403111,176,154,132,110,88,66
성동구,왕십리도선동,0.10608203677510608,-164.53571428571422,1483.0,157,-17.45428369367548,140,122,105,88,70,53
성동구,왕십리제2동,0.06294200848656294,-164.53571428571422,1483.0,93,-10.35620832491412,83,73,62,52,42,31
성동구,용답동,0.02545968882602546,-164.53571428571422,1483.0,38,-4.189028086482116,34,29,25,21,17,13
성동구,응봉동,0.04314002828854314,-164.53571428571422,1483.0,64,-7.0980753687613625,57,50,43,36,28,21
성동구,행당제1동,0.04314002828854314,-164.53571428571422,1483.0,64,-7.0980753687613625,57,50,43,36,28,21
성동구,행당제2동,0.09052333804809053,-164.53571428571422,1483.0,134,-14.894322085269746,119,104,90,75,60,45
성북구,길음제1동,0.07356002775850104,-134.00000000000003,1695.0,125,-9.857043719639142,115,105,95,85,75,66
성북구,길음제2동,0.08605135322692574,-134.00000000000003,1695.0,146,-11.530881332408052,134,123,111,100,88,77
성북구,돈암제1동,0.04371963913948647,-134.00000000000003,1695.0,74,-5.858431644691188,68,62,57,51,45,39
성북구,돈암제2동,0.04580152671755725,-134.00000000000003,1695.0,78,-6.137404580152673,71,65,59,53,47,41
성북구,동선동,0.020818875780707843,-134.00000000000003,1695.0,35,-2.7897293546148516,32,30,27,24,21,19
성북구,보문동,0.0527411519777932,-134.00000000000003,1695.0,89,-7.0673143650242904,82,75,68,61,54,47
성북구,삼선동,0.029840388619014575,-134.00000000000003,1695.0,51,-3.9986120749479537,47,43,39,35,31,27
성북구,석관동,0.08258154059680778,-134.00000000000003,1695.0,140,-11.065926439972245,129,118,107,96,85,74
성북구,성북동,0.029840388619014575,-134.00000000000003,1695.0,51,-3.9986120749479537,47,43,39,35,31,27
성북구,안암동,0.01734906315058987,-134.00000000000003,1695.0,29,-2.3247744621790427,27,25,22,20,18,15
성북구,월곡제1동,0.07494795281054822,-134.00000000000003,1695.0,127,-10.043025676613464,117,107,97,87,77,67
성북구,월곡제2동,0.041637751561415685,-134.00000000000003,1695.0,71,-5.579458709229703,65,59,54,48,43,37
성북구,장위제1동,0.056210964607911175,-134.00000000000003,1695.0,95,-7.532269257460099,88,80,73,65,58,50
성북구,장위제2동,0.028452463566967384,-134.00000000000003,1695.0,48,-3.8126301179736304,44,41,37,33,29,25
성북구,장위제3동,0.05135322692574601,-134.00000000000003,1695.0,87,-6.881332408049967,80,73,66,60,53,46
성북구,정릉제1동,0.04510756419153366,-134.00000000000003,1695.0,76,-6.044413601665512,70,64,58,52,46,40
성북구,정릉제2동,0.0520471894517696,-134.00000000000003,1695.0,88,-6.974323386537128,81,74,67,60,53,46
성북구,정릉제3동,0.031228313671061762,-134.00000000000003,1695.0,53,-4.184594031922277,49,45,40,36,32,28
성북구,정릉제4동,0.055517002081887576,-134.00000000000003,1695.0,94,-7.439278278972937,87,79,72,64,57,49
성북구,종암동,0.08119361554476058,-134.00000000000003,1695.0,138,-10.87994448299792,127,116,105,94,83,72
송파구,가락1동,0.07581746316924183,-340.89285714285705,2968.0,225,-25.845631641086182,199,173,147,122,96,70
송파구,가락2동,0.03880704275961193,-340.89285714285705,2968.0,115,-13.229043683589135,102,89,75,62,49,36
송파구,가락본동,0.04743083003952569,-340.89285714285705,2968.0,141,-16.168831168831165,125,108,92,76,60,44
송파구,거여1동,0.01329500538986705,-340.89285714285705,2968.0,39,-4.532172373081463,35,30,26,21,17,12
송파구,거여2동,0.049586776859504134,-340.89285714285705,2968.0,147,-16.903778040141674,130,113,96,80,63,46
송파구,마천1동,0.014732303269852677,-340.89285714285705,2968.0,44,-5.022136953955134,39,34,29,24,19,14
송파구,마천2동,0.01437297879985627,-340.89285714285705,2968.0,43,-4.899645808736716,38,33,28,23,18,13
송파구,문정1동,0.03772906934962271,-340.89285714285705,2968.0,112,-12.861570247933882,99,86,73,61,48,35
송파구,문정2동,0.04096298957959037,-340.89285714285705,2968.0,122,-13.963990554899642,108,94,80,66,52,38
송파구,방이1동,0.015810276679841896,-340.89285714285705,2968.0,47,-5.389610389610388,42,36,31,25,20,15
송파구,방이2동,0.034495149119655046,-340.89285714285705,2968.0,102,-11.759149940968118,91,79,67,55,44,32
송파구,삼전동,0.03880704275961193,-340.89285714285705,2968.0,115,-13.229043683589135,102,89,75,62,49,36
송파구,석촌동,0.044915558749550846,-340.89285714285705,2968.0,133,-15.311393152302239,118,103,87,72,57,41
송파구,송파1동,0.0477901545095221,-340.89285714285705,2968.0,142,-16.291322314049584,126,109,93,77,60,44
송파구,송파2동,0.0265900107797341,-340.89285714285705,2968.0,79,-9.064344746162925,70,61,52,43,34,25
송파구,오금동,0.04994610132950054,-340.89285714285705,2968.0,148,-17.02626918536009,131,114,97,80,63,46
송파구,오륜동,0.01437297879985627,-340.89285714285705,2968.0,43,-4.899645808736716,38,33,28,23,18,13
송파구,위례동,0.09198706431908013,-340.89285714285705,2968.0,273,-31.357733175914987,242,210,179,148,116,85
송파구,잠실2동,0.043478260869565216,-340.89285714285705,2968.0,129,-14.821428571428568,114,99,85,70,55,40
송파구,잠실3동,0.03988501616960115,-340.89285714285705,2968.0,118,-13.596517119244387,105,91,78,64,50,37
송파구,잠실4동,0.03233920229967661,-340.89285714285705,2968.0,96,-11.024203069657611,85,74,63,52,41,30
송파구,잠실6동,0.021918792669780814,-340.89285714285705,2968.0,65,-7.471959858323493,58,50,43,35,28,20
송파구,잠실7동,0.012935680919870643,-340.89285714285705,2968.0,38,-4.409681227863045,34,30,25,21,16,12
송파구,잠실본동,0.03305785123966942,-340.89285714285705,2968.0,98,-11.269185360094449,87,76,64,53,42,31
송파구,장지동,0.05892921307941071,-340.89285714285705,2968.0,175,-20.088547815820537,155,135,115,95,74,54
송파구,풍납1동,0.01437297879985627,-340.89285714285705,2968.0,43,-4.899645808736716,38,33,28,23,18,13
송파구,풍납2동,0.04563420768954366,-340.89285714285705,2968.0,135,-15.556375442739077,120,104,89,73,58,42
양천구,목1동,0.042994810971089696,-217.3571428571428,1449.0,62,-9.345229270358994,53,44,34,25,16,6
양천구,목2동,0.09191994069681246,-217.3571428571428,1449.0,133,-19.97945568145716,113,93,73,53,33,13
양천구,목3동,0.06078576723498888,-217.3571428571428,1449.0,88,-13.212220692576508,75,62,48,35,22,9
양천구,목4동,0.03187546330615271,-217.3571428571428,1449.0,46,-6.928359631473048,39,32,25,18,12,5
양천구,목5동,0.06671608598962195,-217.3571428571428,1449.0,97,-14.501217833315682,82,68,53,39,24,10
양천구,신월1동,0.0340993328391401,-217.3571428571428,1449.0,49,-7.411733559250236,42,35,27,20,12,5
양천구,신월2동,0.06523350630096368,-217.3571428571428,1449.0,95,-14.178968548130888,80,66,52,38,24,9
양천구,신월3동,0.03039288361749444,-217.3571428571428,1449.0,44,-6.606110346288254,37,31,24,18,11,4
양천구,신월4동,0.037064492216456635,-217.3571428571428,1449.0,54,-8.056232129619822,46,38,30,21,13,5
양천구,신월5동,0.02001482579688658,-217.3571428571428,1449.0,29,-4.3503653499947035,25,20,16,12,7,3
양천구,신월6동,0.06893995552260934,-217.3571428571428,1449.0,100,-14.98459176109287,85,70,55,40,25,10
양천구,신월7동,0.04225352112676056,-217.3571428571428,1449.0,61,-9.184104627766597,52,43,34,24,15,6
양천구,신정1동,0.03187546330615271,-217.3571428571428,1449.0,46,-6.928359631473048,39,32,25,18,12,5
양천구,신정2동,0.026686434395848776,-217.3571428571428,1449.0,39,-5.800487133326272,33,27,21,15,10,4
양천구,신정3동,0.15344699777613047,-217.3571428571428,1449.0,222,-33.35280101662607,189,156,122,89,56,22
양천구,신정4동,0.08080059303187546,-217.3571428571428,1449.0,117,-17.562586042571212,100,82,64,47,29,12
양천구,신정6동,0.04670126019273536,-217.3571428571428,1449.0,68,-10.150852483320975,58,47,37,27,17,7
양천구,신정7동,0.0681986656782802,-217.3571428571428,1449.0,99,-14.823467118500472,84,69,54,40,25,10
영등포구,당산제1동,0.06498388829215897,-108.1785714285714,2163.0,141,-7.029864201319624,134,127,119,112,105,98
영등포구,당산제2동,0.09720730397422127,-108.1785714285714,2163.0,210,-10.515747276354148,200,189,179,168,158,147
영등포구,대림제1동,0.02900107411385607,-108.1785714285714,2163.0,63,-3.137294767531072,60,56,53,50,47,44
영등포구,대림제2동,0.01611170784103115,-108.1785714285714,2163.0,35,-1.7429415375172623,33,31,30,28,26,24
영등포구,대림제3동,0.05853920515574651,-108.1785714285714,2163.0,127,-6.332687586312719,120,114,108,101,95,89
영등포구,도림동,0.04296455424274973,-108.1785714285714,2163.0,93,-4.647844100046032,88,84,79,74,70,65
영등포구,문래동,0.12137486573576799,-108.1785714285714,2163.0,263,-13.130159582630041,249,236,223,210,197,184
영등포구,신길제1동,0.027926960257787327,-108.1785714285714,2163.0,60,-3.021098665029921,57,54,51,48,45,42
영등포구,신길제3동,0.0359828141783029,-108.1785714285714,2163.0,78,-3.892569433788552,74,70,66,62,58,54
영등포구,신길제4동,0.022556390977443608,-108.1785714285714,2163.0,49,-2.4401181525241666,46,44,41,39,37,34
영등포구,신길제5동,0.02040816326530612,-108.1785714285714,2163.0,44,-2.2077259475218654,42,40,38,35,33,31
영등포구,신길제6동,0.047261009667024706,-108.1785714285714,2163.0,102,-5.1126285100506355,97,92,87,82,77,72
영등포구,신길제7동,0.06283566058002148,-108.1785714285714,2163.0,136,-6.797471996317322,129,122,116,109,102,95
영등포구,양평제1동,0.06605800214822771,-108.1785714285714,2163.0,143,-7.146060303820775,136,129,121,114,107,100
영등포구,양평제2동,0.08485499462943072,-108.1785714285714,2163.0,184,-9.179492097590913,174,165,156,147,138,128
영등포구,여의동,0.08592910848549946,-108.1785714285714,2163.0,186,-9.295688200092064,177,167,158,149,139,130
영등포구,영등포동,0.059613319011815255,-108.1785714285714,2163.0,129,-6.44888368881387,122,116,110,103,97,90
영등포구,영등포본동,0.05639097744360902,-108.1785714285714,2163.0,122,-6.100295381310417,116,110,104,98,91,85
용산구,남영동,0.014823261117445839,-70.35714285714286,1012.0,15,-1.0429223000488679,14,13,12,11,10,9
용산구,보광동,0.019384264538198404,-70.35714285714286,1012.0,20,-1.3638214692946735,18,17,16,14,13,11
용산구,서빙고동,0.04218928164196123,-70.35714285714286,1012.0,43,-2.968317315523701,40,37,34,31,28,25
용산구,용문동,0.046750285062713795,-70.35714285714286,1012.0,47,-3.2892164847695065,44,41,37,34,31,28
용산구,용산2가동,0.021664766248574687,-70.35714285714286,1012.0,22,-1.5242710539175763,20,19,17,16,14,13
용산구,원효로제1동,0.1265678449258837,-70.35714285714286,1012.0,128,-8.904951946571103,119,110,101,92,84,75
용산구,원효로제2동,0.06727480045610035,-70.35714285714286,1012.0,68,-4.733262746375632,63,59,54,49,44,40
용산구,이촌제1동,0.1345496009122007,-70.35714285714286,1012.0,136,-9.466525492751265,127,117,108,98,89,79
용산구,이촌제2동,0.05701254275940707,-70.35714285714286,1012.0,58,-4.01123961557257,54,50,46,42,38,34
용산구,이태원제1동,0.019384264538198404,-70.35714285714286,1012.0,20,-1.3638214692946735,18,17,16,14,13,11
용산구,이태원제2동,0.03876852907639681,-70.35714285714286,1012.0,39,-2.727642938589347,37,34,31,28,26,23
용산구,청파동,0.05815279361459521,-70.35714285714286,1012.0,59,-4.09146440788402,55,51,47,42,38,34
용산구,한강로동,0.14481185860889395,-70.35714285714286,1012.0,147,-10.188548623554325,136,126,116,106,96,85
용산구,한남동,0.08551881413911061,-70.35714285714286,1012.0,87,-6.016859423358854,81,75,68,62,56,50
용산구,효창동,0.07867730900798175,-70.35714285714286,1012.0,80,-5.5355106694901455,74,69,63,57,52,46
용산구,후암동,0.04446978335233751,-70.35714285714286,1012.0,45,-3.1287669001466036,42,39,36,32,29,26
은평구,갈현제1동,0.0159846547314578,-183.53571428571425,1748.0,28,-2.9337550237486294,25,22,19,16,13,10
은평구,갈현제2동,0.03260869565217391,-183.53571428571425,1748.0,57,-5.9848602484472035,51,45,39,33,27,21
은평구,구산동,0.03964194373401535,-183.53571428571425,1748.0,69,-7.275712458896601,62,55,47,40,33,26
은평구,녹번동,0.100383631713555,-183.53571428571425,1748.0,175,-18.423981549141395,157,139,120,102,83,65
은평구,대조동,0.07033248081841433,-183.53571428571425,1748.0,123,-12.908522104493969,110,97,84,71,58,45
은평구,불광제1동,0.07289002557544758,-183.53571428571425,1748.0,127,-13.377922908293751,114,101,87,74,61,47
은평구,불광제2동,0.03964194373401535,-183.53571428571425,1748.0,69,-7.275712458896601,62,55,47,40,33,26
은평구,수색동,0.10997442455242967,-183.53571428571425,1748.0,192,-20.18423456339057,172,152,132,111,91,71
은평구,신사제1동,0.053069053708439895,-183.53571428571425,1748.0,93,-9.740066678845448,83,73,64,54,44,34
은평구,신사제2동,0.04731457800511509,-183.53571428571425,1748.0,83,-8.683914870295943,74,65,57,48,39,31
은평구,역촌동,0.06777493606138107,-183.53571428571425,1748.0,118,-12.439121300694188,106,94,81,69,56,44
은평구,응암제1동,0.0907928388746803,-183.53571428571425,1748.0,159,-16.663728534892215,142,125,109,92,75,59
은평구,응암제2동,0.09271099744245524,-183.53571428571425,1748.0,162,-17.01577913774205,145,128,111,94,77,60
은평구,응암제3동,0.04156010230179028,-183.53571428571425,1748.0,73,-7.627763061746436,65,57,50,42,35,27
은평구,증산동,0.03900255754475703,-183.53571428571425,1748.0,68,-7.1583622579466555,61,54,47,40,32,25
은평구,진관동,0.08631713554987212,-183.53571428571425,1748.0,151,-15.842277128242598,135,119,103,88,72,56
종로구,가회동,0.01912568306010929,-49.428571428571416,396.0,8,-0.9453551912568304,7,6,5,4,3,2
종로구,교남동,0.1092896174863388,-49.428571428571416,396.0,43,-5.402029664324745,38,32,27,22,16,11
종로구,무악동,0.04918032786885246,-49.428571428571416,396.0,19,-2.430913348946135,17,15,12,10,7,5
종로구,부암동,0.07650273224043716,-49.428571428571416,396.0,30,-3.7814207650273217,27,23,19,15,11,8
종로구,사직동,0.040983606557377046,-49.428571428571416,396.0,16,-2.025761124121779,14,12,10,8,6,4
종로구,삼청동,0.00819672131147541,-49.428571428571416,396.0,3,-0.40515222482435587,3,2,2,2,1,1
종로구,숭인제1동,0.05191256830601093,-49.428571428571416,396.0,21,-2.565964090554254,18,15,13,10,8,5
종로구,숭인제2동,0.06557377049180328,-49.428571428571416,396.0,26,-3.241217798594847,23,19,16,13,10,7
종로구,이화동,0.03825136612021858,-49.428571428571416,396.0,15,-1.8907103825136609,13,11,9,8,6,4
종로구,종로1.2.3.4가동,0.040983606557377046,-49.428571428571416,396.0,16,-2.025761124121779,14,12,10,8,6,4
종로구,종로5.6가동,0.0273224043715847,-49.428571428571416,396.0,11,-1.3505074160811863,9,8,7,5,4,3
종로구,창신제1동,0.02459016393442623,-49.428571428571416,396.0,10,-1.2154566744730675,9,7,6,5,4,2
종로구,창신제2동,0.03825136612021858,-49.428571428571416,396.0,15,-1.8907103825136609,13,11,9,8,6,4
종로구,창신제3동,0.07650273224043716,-49.428571428571416,396.0,30,-3.7814207650273217,27,23,19,15,11,8
종로구,청운효자동,0.11748633879781421,-49.428571428571416,396.0,47,-5.807181889149101,41,35,29,23,17,12
종로구,평창동,0.10109289617486339,-49.428571428571416,396.0,40,-4.996877439500389,35,30,25,20,15,10
종로구,혜화동,0.11475409836065574,-49.428571428571416,396.0,45,-5.672131147540982,40,34,28,23,17,11
중구,광희동,0.03731343283582089,-45.357142857142854,534.0,20,-1.6924307036247332,18,17,15,13,11,10
중구,다산동,0.06529850746268656,-45.357142857142854,534.0,35,-2.961753731343283,32,29,26,23,20,17
중구,동화동,0.07649253731343283,-45.357142857142854,534.0,41,-3.4694829424307034,37,34,30,27,23,20
중구,명동,0.007462686567164179,-45.357142857142854,534.0,4,-0.33848614072494665,4,3,3,3,2,2
중구,소공동,0.018656716417910446,-45.357142857142854,534.0,10,-0.8462153518123666,9,8,7,7,6,5
중구,신당동,0.04477611940298507,-45.357142857142854,534.0,24,-2.03091684434968,22,20,18,16,14,12
중구,신당제5동,0.07835820895522388,-45.357142857142854,534.0,42,-3.5541044776119404,38,35,31,28,24,21
중구,약수동,0.13619402985074627,-45.357142857142854,534.0,73,-6.177372068230277,67,60,54,48,42,36
중구,을지로동,0.05223880597014925,-45.357142857142854,534.0,28,-2.3694029850746268,26,23,21,18,16,14
중구,장충동,0.026119402985074626,-45.357142857142854,534.0,14,-1.1847014925373134,13,12,10,9,8,7
중구,중림동,0.1455223880597015,-45.357142857142854,534.0,78,-6.60047974413646,71,65,58,51,45,38
중구,청구동,0.1455223880597015,-45.357142857142854,534.0,78,-6.60047974413646,71,65,58,51,45,38
중구,필동,0.03171641791044776,-45.357142857142854,534.0,17,-1.4385660980810233,15,14,13,11,10,8
중구,황학동,0.11567164179104478,-45.357142857142854,534.0,62,-5.246535181236673,57,51,46,41,36,30
중구,회현동,0.018656716417910446,-45.357142857142854,534.0,10,-0.8462153518123666,9,8,7,7,6,5
중랑구,망우본동,0.1494949494949495,-162.03571428571428,1762.0,263,-24.223520923520923,239,215,191,167,142,118
중랑구,망우제3동,0.024915824915824916,-162.03571428571428,1762.0,44,-4.037253487253487,40,36,32,28,24,20
중랑구,면목본동,0.07946127946127945,-162.03571428571428,1762.0,140,-12.875565175565173,127,114,101,89,76,63
중랑구,면목제2동,0.048484848484848485,-162.03571428571428,1762.0,85,-7.856277056277056,78,70,62,54,46,38
중랑구,면목제3.8동,0.05454545454545454,-162.03571428571428,1762.0,96,-8.838311688311688,87,78,70,61,52,43
중랑구,면목제4동,0.03569023569023569,-162.03571428571428,1762.0,63,-5.783092833092833,57,51,46,40,34,28
중랑구,면목제5동,0.04713804713804714,-162.03571428571428,1762.0,83,-7.6380471380471375,75,68,60,53,45,37
중랑구,면목제7동,0.05656565656565657,-162.03571428571428,1762.0,100,-9.165656565656565,91,81,72,63,54,45
중랑구,묵제1동,0.06868686868686869,-162.03571428571428,1762.0,121,-11.129725829725828,110,99,88,77,65,54
중랑구,묵제2동,0.04107744107744108,-162.03571428571428,1762.0,72,-6.656012506012506,66,59,52,46,39,32
중랑구,상봉제1동,0.04781144781144781,-162.03571428571428,1762.0,84,-7.7471620971620965,76,69,61,53,46,38
중랑구,상봉제2동,0.07676767676767676,-162.03571428571428,1762.0,135,-12.439105339105337,123,110,98,86,73,61
중랑구,신내1동,0.09158249158249158,-162.03571428571428,1762.0,161,-14.83963443963444,147,132,117,102,87,72
중랑구,신내2동,0.06734006734006734,-162.03571428571428,1762.0,119,-10.91149591149591,108,97,86,75,64,53
중랑구,중화제1동,0.04915824915824916,-162.03571428571428,1762.0,87,-7.965392015392015,79,71,63,55,47,39
중랑구,중화제2동,0.06127946127946128,-162.03571428571428,1762.0,108,-9.929461279461279,98,88,78,68,58,48
