,우편번호
0,06155
1,06199
2,06100
3,06267
4,06217
5,06029
6,06269
7,06090
8,06097
9,06375
10,06362
11,06306
12,06331
13,06269
14,06230
15,06214
16,06372
17,06339
18,06335
19,06262
20,06270
21,06095
22,135967
23,06345
24,06325
25,06031
26,06365
27,135092
28,06314
29,135955
30,06370
31,06276
32,135805
33,135782
34,06341
35,06113
36,06122
37,06072
38,06331
39,06357
40,06128
41,06076
42,06170
43,06343
44,06205
45,135968
46,06279
47,06278
48,06279
49,06189
50,135843
51,06203
52,06280
53,06272
54,06276
55,06155
56,06124
57,06187
58,06312
59,06303
60,06202
61,06369
62,06091
63,06365
64,06334
65,06218
66,06375
67,06284
68,06366
69,06336
70,06337
71,06164
72,135889
73,06370
74,06368
75,06366
76,06020
77,135891
78,06377
79,06330
80,06354
81,06375
82,06219
83,06362
84,06337
85,06126
86,06322
87,06115
88,06365
89,06148
90,06025
91,135011
92,06211
93,06353
94,06341
95,06081
96,06354
97,135271
98,06336
99,06376
100,06263
101,06301
102,06370
103,06374
104,06375
105,06375
106,06370
107,06188
108,06344
109,06015
110,06362
111,06369
112,06097
113,06102
114,06250
115,06362
116,06043
117,06365
118,06036
119,06001
120,06337
121,135244
122,06347
123,06316
124,06090
125,06102
126,06006
127,06024
128,06025
129,06017
130,06066
131,135950
132,135516
133,06088
134,135880
135,06366
136,06366
137,06229
138,06223
139,06245
140,06216
141,06376
142,06311
143,06177
144,06096
145,135893
146,135241
147,06284
148,06337
149,06154
150,135926
151,135848
152,06339
153,06350
154,06321
155,06370
156,06372
157,06372
158,06330
159,135810
160,06247
161,06314
162,06310
163,06126
164,06339
165,06327
166,06213
167,135957
168,06012
169,06062
170,06063
171,06341
172,06081
173,06176
174,06212
175,06126
176,06284
177,06372
178,06353
179,06077
180,06043
181,06310
182,06194
183,06194
184,06315
185,06276
186,135190
187,06367
188,135858
189,06053
190,06117
191,06312
192,135544
193,06131
194,135772
195,06021
196,06378
197,06172
198,06283
199,06375
200,135220
201,06354
202,06366
203,06366
204,06310
205,06131
206,06181
207,06155
208,06185
209,06171
210,06370
211,06359
212,06365
213,135962
214,06090
215,06374
216,06374
217,134756
218,05409
219,05269
220,05269
221,05272
222,05232
223,05314
224,05282
225,05255
226,05236
227,05336
228,05255
229,05302
230,05383
231,05256
232,05218
233,05210
234,05208
235,05214
236,05377
237,05287
238,05226
239,05223
240,05230
241,05218
242,05231
243,05216
244,05219
245,05277
246,05324
247,05224
248,05224
249,05356
250,05312
251,05215
252,05237
253,05360
254,05365
255,05366
256,05360
257,05266
258,05271
259,05297
260,05376
261,05240
262,05255
263,05210
264,05246
265,05405
266,05393
267,05390
268,05407
269,05394
270,05392
271,05388
272,05274
273,05274
274,05242
275,05416
276,05370
277,05300
278,05342
279,05213
280,05373
281,05326
282,05312
283,05308
284,05319
286,05218
287,05336
288,05287
289,05284
290,05217
291,05237
292,05265
293,05201
294,05285
295,05214
296,05372
297,05236
298,05242
299,05245
300,05351
301,05394
302,05324
303,05311
304,05236
305,05223
306,05344
307,05358
308,134812
309,134826
310,134861
311,05210
312,05276
313,05252
314,134877
315,05242
316,05388
317,134795
318,05251
319,05287
320,05367
321,05366
322,05287
323,05253
324,05257
325,05343
326,05266
327,05236
328,05271
329,05259
330,05287
331,05240
332,05211
333,05287
334,05287
335,05251
336,05389
337,05210
338,05302
339,05294
340,05359
341,05274
342,05352
343,05313
344,05399
345,05378
346,05210
347,05342
348,05296
349,05213
350,05288
351,05321
352,05313
353,05261
354,134100
355,05240
356,05402
357,05403
358,05393
359,05383
360,05382
361,05401
362,05387
363,05409
364,05223
365,05251
366,05274
367,05219
368,05242
369,134751
370,05298
371,05333
372,05271
373,05210
374,05214
375,05222
376,05212
377,05208
378,05217
379,05282
380,05240
381,05242
382,05364
383,05282
384,05206
385,05392
386,05361
387,134090
388,134846
389,05408
390,05342
391,05350
392,05209
393,05241
394,05345
395,05219
396,05393
397,05403
398,05289
399,05348
400,05275
401,05345
402,05360
403,05226
404,134890
405,05407
406,05240
407,05341
408,05319
409,05313
410,05295
411,134100
412,05387
413,134793
414,05210
415,05336
416,05338
417,05256
418,05240
419,05400
420,05327
421,05381
422,05269
423,05255
424,05310
425,05293
426,05255
427,05388
428,05345
429,05333
430,05296
431,05236
432,05236
433,05328
434,05313
435,05383
436,01206
437,01159
438,01071
439,01175
440,01036
441,142810
442,142823
443,01234
444,01129
445,01223
446,01192
447,01197
448,01087
449,01197
450,01014
451,01056
452,01139
453,01059
454,01196
455,01040
456,01121
457,01120
458,01090
459,01237
460,01203
461,01100
462,01044
463,01097
464,01164
465,01233
466,01184
467,01192
468,01198
469,01059
470,01191
471,01052
472,01130
473,01029
474,01005
475,01014
476,01193
477,01035
478,01042
479,01227
480,01213
481,01233
482,01195
483,01192
484,01200
485,01162
486,01234
487,01192
488,01190
489,01107
490,01158
491,01088
492,01002
493,01134
494,01144
495,01115
496,01047
497,01212
498,01208
499,01019
500,01227
501,01193
502,01002
503,01179
504,01192
505,01171
506,01042
507,01192
508,01124
509,01154
510,01198
511,01192
512,01121
513,01171
514,01229
515,142813
516,01195
517,01174
518,142741
519,01111
520,142875
521,01103
522,01006
523,01090
524,01208
525,142071
526,01040
527,01041
528,142777
529,01099
530,01056
531,01019
532,01076
533,01092
534,01136
535,01059
536,01236
537,01159
538,01100
539,01169
540,01198
541,01058
542,01058
543,01021
544,01149
545,01049
546,01016
547,01146
548,01184
549,01103
550,01059
551,01030
552,01055
553,142070
554,01112
555,01233
556,01102
557,01230
558,01005
559,01192
560,01198
561,01124
562,142801
563,07725
564,07792
565,07590
566,07638
567,07544
568,07796
569,07635
570,07594
571,07710
572,07639
573,07662
574,07735
575,07527
576,07534
577,157810
578,07534
579,157281
580,07663
581,07662
582,07528
583,07623
584,07634
585,07809
586,07524
587,07523
588,07525
589,07548
590,07634
591,07671
592,07638
593,07535
594,07517
595,07566
596,07766
597,07588
598,07768
599,07768
600,07730
601,07535
602,07730
603,07691
604,07745
605,07524
606,07651
607,07621
608,07560
609,07678
610,07534
611,07562
612,07697
613,07674
614,07587
615,07531
616,07578
617,07556
618,07634
619,07703
620,07754
621,07542
622,07710
623,07667
624,07518
625,07609
626,07581
627,07694
628,07625
629,07703
630,07656
631,07531
632,07524
633,07721
634,07707
635,07740
636,07580
637,07524
638,07554
639,07757
640,157838
641,07781
642,07642
643,07721
644,07552
645,07585
646,07735
647,07705
648,157832
649,07646
650,07634
651,07671
652,07593
653,07767
654,07751
655,07760
656,07581
657,07605
658,07691
659,07522
660,157836
661,07730
662,07738
663,07703
664,07595
665,157915
666,07537
667,07531
668,07509
669,07580
670,07602
671,07638
672,07576
673,07789
674,07691
675,07525
676,07535
677,07560
678,07594
679,07659
680,07595
681,07560
682,07635
683,07651
684,07599
685,07635
686,07598
687,07598
688,07630
689,07811
690,07598
691,07598
692,07595
693,07599
694,07798
695,07798
696,07809
697,07599
698,07798
699,07811
700,07809
701,07643
702,07733
703,07605
704,07662
705,07597
706,07776
707,07781
708,07682
709,07552
710,07693
711,07647
712,07681
713,07510
714,157850
715,07672
716,07637
717,07662
718,157880
719,07642
720,07579
721,07663
722,07519
723,07588
724,07564
725,07723
726,07768
727,07737
728,157847
729,07688
730,157934
731,07636
732,07510
733,07583
734,07611
735,07572
736,07720
737,07742
738,07595
739,07546
740,07513
741,07531
742,07685
743,07611
744,07725
745,07758
746,07550
747,07614
748,07748
749,07729
750,07809
751,07761
752,07541
753,07770
754,07734
755,07510
756,07543
757,157040
758,07617
759,07593
760,07576
761,07538
762,157925
763,07745
764,07771
765,07610
766,07524
767,157836
768,157832
769,07634
770,07677
771,07735
772,07611
773,07651
774,07676
775,07676
776,07789
777,07678
778,07678
779,07539
780,157862
781,07536
782,07730
783,07757
784,07598
785,07691
786,07536
787,07656
788,07516
789,157867
790,07696
791,07730
792,07572
793,157019
794,07517
795,07643
796,07517
797,157774
798,07535
799,07744
800,07681
801,07725
802,07715
803,07585
804,07804
805,07765
806,07531
807,07627
808,07610
809,07612
810,07720
811,07609
812,07662
813,07616
814,07595
815,07550
816,07726
817,157010
818,157210
819,07616
820,07723
821,07630
822,07614
823,07531
824,07518
825,07535
826,07591
827,07783
828,07665
829,157862
830,07603
831,07593
832,07643
833,07771
834,07522
835,07627
836,07509
837,07750
838,07526
839,07627
840,07542
841,07641
842,07768
843,07609
844,07670
845,07723
846,07691
847,157836
848,07544
849,07626
850,07750
851,07609
852,07581
853,07752
854,07535
855,07547
856,07809
857,07677
858,07695
859,07659
860,07595
861,07718
862,157867
863,07722
864,07534
865,07705
866,07807
867,07567
868,07781
869,07728
870,07781
871,157905
872,07677
873,157888
874,07783
875,08725
876,151871
877,08793
878,151815
879,08785
880,08726
881,08845
882,08781
883,08793
884,08735
885,08847
886,08725
887,08790
888,08771
889,08859
890,08767
891,08862
892,08725
893,08858
894,08734
895,08769
896,08852
897,08848
898,08833
899,08793
900,08730
901,08791
902,08837
903,08782
904,08775
905,08720
906,08749
907,08724
908,08705
909,08859
910,08742
911,08767
912,08751
913,08778
914,08865
915,08755
916,08783
917,08735
918,08734
919,08748
920,08853
921,08830
922,08719
923,08797
924,08847
925,08725
926,08734
927,08736
928,08730
929,08734
930,08734
931,151050
932,151050
933,08856
934,08725
935,08860
936,08751
937,151900
938,08806
939,08808
940,08782
941,08853
942,08710
943,151818
944,151762
945,08862
946,08784
947,151050
948,08725
949,151015
950,08865
951,08792
952,151013
953,08725
954,08709
955,151050
956,08856
957,08770
958,08724
959,08715
960,151778
961,151802
962,08730
963,08847
964,151015
965,08830
966,08722
967,08783
968,08826
969,08826
970,151807
971,08803
972,08786
973,151050
974,08780
975,08726
976,151800
977,08725
978,08705
979,08725
980,08843
981,08810
982,151894
983,151884
984,08773
985,151869
986,151811
987,08734
988,08862
989,08845
990,08725
991,08829
992,08865
993,08751
994,08725
995,08793
996,08857
997,151015
998,08727
999,08829
1000,08833
1001,08734
1002,08862
1003,151876
1004,08843
1005,08846
1006,151015
1007,08813
1008,08734
1009,08778
1010,08795
1011,151015
1012,08730
1013,151775
1014,08779
1015,08729
1016,08752
1017,08784
1018,08709
1019,08750
1020,08801
1021,151050
1022,151865
1023,08789
1024,08854
1025,08756
1026,151050
1027,08708
1028,151015
1029,151874
1030,08803
1031,08850
1032,08743
1033,151815
1034,08716
1035,08774
1036,08750
1037,151855
1038,151883
1039,151805
1040,151050
1041,08730
1042,08725
1043,08722
1044,151900
1045,08705
1046,08862
1047,04977
1048,05116
1049,05008
1050,04974
1051,05090
1052,04983
1053,04974
1054,04968
1055,05049
1056,05090
1057,04974
1058,04959
1059,05117
1060,04999
1061,04971
1062,05022
1063,04987
1064,04988
1065,04989
1066,04950
1067,05033
1068,05040
1069,05090
1070,04984
1071,05118
1072,04983
1073,05086
1074,05118
1075,04974
1076,04902
1077,04947
1078,05105
1079,04984
1080,04925
1081,04934
1082,05118
1083,04931
1084,04983
1085,05036
1086,04984
1087,05084
1088,05001
1089,05106
1090,05073
1091,05054
1092,05092
1093,05074
1094,04917
1095,04915
1096,04901
1097,04905
1098,04935
1099,05063
1100,04940
1101,04995
1102,05110
1103,05107
1104,05012
1105,05067
1106,04981
1107,04954
1108,04992
1109,05002
1110,04946
1111,04971
1112,04971
1113,04984
1114,04966
1115,04908
1116,04950
1117,04967
1118,05024
1119,05093
1120,05092
1121,04977
1122,05101
1123,05119
1124,05086
1125,05040
1126,04941
1127,04907
1128,04903
1129,05015
1130,05118
1131,04915
1132,04929
1133,05108
1134,04916
1135,04926
1136,04947
1137,04984
1138,05002
1139,04998
1140,04975
1141,05085
1142,05063
1143,04983
1144,05053
1145,143821
1146,05043
1147,04954
1148,04947
1149,05070
1150,05082
1151,04983
1152,04931
1153,04977
1154,05086
1155,05039
1156,04905
1157,04947
1158,04974
1159,05090
1160,05112
1161,04948
1162,04901
1163,04936
1164,05036
1165,05050
1166,04963
1167,04984
1168,04975
1169,05058
1170,05093
1171,05001
1172,05054
1173,05092
1174,05108
1175,05075
1176,04944
1177,04925
1178,04935
1179,04938
1180,04957
1181,04944
1182,05053
1183,04995
1184,04907
1185,05112
1186,05062
1187,05022
1188,05071
1189,04983
1190,04983
1191,05098
1192,04945
1193,05112
1194,04995
1195,05119
1196,04995
1197,05037
1198,04904
1199,05070
1200,04997
1201,04942
1202,05107
1203,05055
1204,05118
1205,05118
1206,05001
1207,05056
1208,04926
1209,05010
1210,152827
1211,08327
1212,08238
1213,08331
1214,08333
1215,08236
1216,08342
1217,08342
1218,08329
1219,08224
1220,08228
1221,08354
1222,08284
1223,152845
1224,08309
1225,08340
1226,08362
1227,08324
1228,08303
1229,152868
1230,08249
1231,08257
1232,08358
1233,08365
1234,08306
1235,08368
1236,08357
1237,08335
1238,08329
1239,08373
1240,152837
1241,08328
1242,08374
1243,08281
1244,08281
1245,08280
1246,08362
1247,08222
1248,08395
1249,08229
1250,08229
1251,08311
1252,08352
1253,152093
1254,08240
1255,08341
1256,08241
1257,152854
1258,152765
1259,08313
1260,08357
1261,08381
1262,08209
1263,08290
1264,08249
1265,08218
1266,08297
1267,08312
1268,08381
1269,08357
1270,08243
1271,08338
1272,08338
1273,08255
1274,152801
1275,08373
1276,08371
1277,152784
1278,08275
1279,08311
1280,08310
1281,08201
1282,08317
1283,08250
1284,08203
1285,08368
1286,08304
1287,08218
1288,08218
1289,08281
1290,08245
1291,08228
1292,08245
1293,08245
1294,08245
1295,08330
1296,08202
1297,08320
1298,152809
1299,08373
1300,08324
1301,08268
1302,152101
1303,08294
1304,08377
1305,152845
1306,08304
1307,08282
1308,08255
1309,152815
1310,08340
1311,08311
1312,08311
1313,08375
1314,08339
1315,08249
1316,08383
1317,152896
1318,152101
1319,152870
1320,08267
1321,08234
1322,08239
1323,152811
1324,08354
1325,08359
1326,08239
1327,08375
1328,08313
1329,152875
1330,08350
1331,08235
1332,152752
1333,08323
1334,08243
1335,08250
1336,08249
1337,08372
1338,08291
1339,08365
1340,08350
1341,08371
1342,152847
1343,152800
1344,08348
1345,152774
1346,08253
1347,08300
1348,08327
1349,08384
1350,08303
1351,08330
1352,08272
1353,08261
1354,08375
1355,08369
1356,08323
1357,08325
1358,08241
1359,08241
1360,08239
1361,08200
1362,08332
1363,08208
1364,08255
1365,08323
1366,08275
1367,08369
1368,08369
1369,08389
1370,08341
1371,08371
1372,08227
1373,152783
1374,08279
1375,08279
1376,08358
1377,152815
1378,08351
1379,08318
1380,08274
1381,08364
1382,08309
1383,08202
1384,08289
1385,08272
1386,08308
1387,08323
1388,152894
1389,08312
1390,08312
1391,08284
1392,152872
1393,08211
1394,08211
1395,08211
1396,08267
1397,08267
1398,08240
1399,08240
1400,152875
1401,08329
1402,08217
1403,08211
1404,08275
1405,152853
1406,08266
1407,08269
1408,08325
1409,08274
1410,152051
1411,08353
1412,08354
1413,08354
1414,08368
1415,08368
1416,08201
1417,08364
1418,152140
1419,152101
1420,08365
1421,08388
1422,08223
1423,152837
1424,08364
1425,08364
1426,08257
1427,08364
1428,08310
1429,08366
1430,08211
1431,08211
1432,08379
1433,08291
1434,08353
1435,08329
1436,08249
1437,08329
1438,08329
1439,08300
1440,08303
1441,08347
1442,08305
1443,08348
1444,08304
1445,08288
1446,08288
1447,08523
1448,08592
1449,153801
1450,08532
1451,08564
1452,08584
1453,08554
1454,08626
1455,08600
1456,08602
1457,08520
1458,08615
1459,08645
1460,08596
1461,08582
1462,08538
1463,08599
1464,08655
1465,08608
1466,08646
1467,08646
1468,08599
1469,08646
1470,08653
1471,08561
1472,08561
1473,08560
1474,08597
1475,08569
1476,08643
1477,08559
1478,08558
1479,08574
1480,08623
1481,08656
1482,08646
1483,08646
1484,08645
1485,08655
1486,08560
1487,08624
1488,08622
1489,08608
1490,08645
1491,08563
1492,08598
1493,08644
1494,08516
1495,08611
1496,08584
1497,08586
1498,08620
1499,08599
1500,08652
1501,08565
1502,08618
1503,08537
1504,08610
1505,08570
1506,08646
1507,08553
1508,08560
1509,08622
1510,08599
1511,08540
1512,153842
1513,08648
1514,08608
1515,08617
1516,153859
1517,08511
1518,08648
1519,08648
1520,08608
1521,08646
1522,08646
1523,08573
1524,08551
1525,153819
1526,08563
1527,08532
1528,08649
1529,08620
1530,08549
1531,153806
1532,08548
1533,08573
1534,08611
1535,08510
1536,153825
1537,153829
1538,08569
1539,08569
1540,153031
1541,08586
1542,08573
1543,08625
1544,08652
1545,08624
1546,08556
1547,08644
1548,153846
1549,08563
1550,08646
1551,08549
1552,08570
1553,08560
1554,08577
1555,08616
1556,08627
1557,08618
1558,08575
1559,08506
1560,08622
1561,08648
1562,08560
1563,08656
1564,08521
1565,08594
1566,08548
1567,08559
1568,08570
1569,08575
1570,08656
1571,08557
1572,08569
1573,08579
1574,08608
1575,08560
1576,153867
1577,08531
1578,08561
1579,08599
1580,08553
1581,08637
1582,08618
1583,08655
1584,08622
1585,153758
1586,08566
1587,01889
1588,01811
1589,01690
1590,01820
1591,01820
1592,01851
1593,01851
1594,01909
1595,01909
1596,01610
1597,01672
1598,01774
1599,01673
1600,01603
1601,01628
1602,01618
1603,01853
1604,01838
1605,01820
1606,01841
1607,01813
1608,01813
1609,01888
1610,01913
1611,01909
1612,01604
1613,01671
1614,01703
1615,01766
1616,01617
1617,01741
1618,01761
1619,01690
1620,139209
1621,01863
1622,01640
1623,01675
1624,01778
1625,01713
1626,01713
1627,01844
1628,01675
1629,01619
1630,01701
1631,01675
1632,01675
1633,01702
1634,01630
1635,01784
1636,01764
1637,01883
1638,01864
1639,01689
1640,01610
1641,01820
1642,01675
1643,01820
1644,01676
1645,01764
1646,01669
1647,01691
1648,01679
1649,01762
1650,01671
1651,01900
1652,01867
1653,01867
1654,01825
1655,01825
1656,01825
1657,01782
1658,01909
1659,01901
1660,01685
1661,01774
1662,01744
1663,01909
1664,01619
1665,01909
1666,01759
1667,01759
1668,139050
1669,01679
1670,01850
1671,01755
1672,01851
1673,01618
1674,01863
1675,01678
1676,01799
1677,01675
1678,01669
1679,01702
1680,01769
1681,01777
1682,01669
1683,01678
1684,01678
1685,139939
1686,01604
1687,139838
1688,01799
1689,01799
1690,01799
1691,01729
1692,01715
1693,01876
1694,01875
1695,01766
1696,01675
1697,01618
1698,01615
1699,01671
1700,01820
1701,01865
1702,01676
1703,01795
1704,01816
1705,01693
1706,01899
1707,01909
1708,01693
1709,01643
1710,01681
1711,01618
1712,01752
1713,01671
1714,01756
1715,01679
1716,01638
1717,01638
1718,01639
1719,01619
1720,139201
1721,139204
1722,01846
1723,01867
1724,139957
1725,01663
1726,01799
1727,01718
1728,01618
1729,01894
1730,01894
1731,01752
1732,01685
1733,139801
1734,01686
1735,01718
1736,01797
1737,01834
1738,01863
1739,01634
1740,01649
1741,01618
1742,01703
1743,01603
1744,01755
1745,01766
1746,139748
1747,01600
1748,01600
1749,01672
1750,01696
1751,01670
1752,01909
1753,01762
1754,01761
1755,01766
1756,01626
1757,01601
1758,01748
1759,01619
1760,01669
1761,01868
1762,01777
1763,01675
1764,01727
1765,139816
1766,01779
1767,01909
1768,01725
1769,139860
1770,01673
1771,01614
1772,01676
1773,01909
1774,01617
1775,01909
1776,01776
1777,01682
1778,01617
1779,01752
1780,01909
1781,01752
1782,01913
1783,01913
1784,01913
1785,01623
1786,01778
1787,01766
1788,01701
1789,139804
1790,01752
1791,01774
1792,01850
1793,01653
1794,01857
1795,01663
1796,01911
1797,01911
1798,01706
1799,01755
1800,01752
1801,01630
1802,01630
1803,01755
1804,01619
1805,01619
1806,01896
1807,01883
1808,01913
1809,01889
1810,01889
1811,01913
1812,01888
1813,01900
1814,01881
1815,01881
1816,01885
1817,01865
1818,01618
1819,139924
1820,01764
1821,01621
1822,01907
1823,01841
1824,01776
1825,01913
1826,01631
1827,01676
1828,01873
1829,01799
1830,01619
1831,01913
1832,01606
1833,01606
1834,01722
1835,01777
1836,01909
1837,01911
1838,01606
1839,01704
1840,01737
1841,01745
1842,01701
1843,139229
1844,139854
1845,01718
1846,01777
1847,01736
1848,01711
1849,01726
1850,01880
1851,01672
1852,01672
1853,01859
1854,01617
1855,01618
1856,01727
1857,01663
1858,01853
1859,01775
1860,01775
1861,01827
1862,01830
1863,01830
1864,01645
1865,01645
1866,01745
1867,01713
1868,01676
1869,01617
1870,01863
1871,01913
1872,01777
1873,139925
1874,01859
1875,01603
1876,01718
1877,01907
1878,01610
1879,01800
1880,01709
1881,01745
1882,01692
1883,01786
1884,01677
1885,01854
1886,01673
1887,01671
1888,139800
1889,01765
1890,01752
1891,01629
1892,01850
1893,01914
1894,01704
1895,01626
1896,01790
1897,01808
1898,01863
1899,01776
1900,01747
1901,01747
1902,01648
1903,01775
1904,01692
1905,01775
1906,01775
1907,01757
1908,01812
1909,01787
1910,139873
1911,01863
1912,01676
1913,01646
1914,01678
1915,01833
1916,01636
1917,01737
1918,01693
1919,01646
1920,01646
1921,01820
1922,01781
1923,01660
1924,01660
1925,01617
1926,01665
1927,01774
1928,139941
1929,01728
1930,01901
1931,01901
1932,01847
1933,01817
1934,01646
1935,01723
1936,01871
1937,01901
1938,01901
1939,01805
1940,139904
1941,01675
1942,01626
1943,01815
1944,01843
1945,01896
1946,132869
1947,01318
1948,132746
1949,01440
1950,132021
1951,132739
1952,01355
1953,01354
1954,01420
1955,01419
1956,01341
1957,132781
1958,132769
1959,01467
1960,01324
1961,01324
1962,01409
1963,01387
1964,132918
1965,01304
1966,01446
1967,01416
1968,01416
1969,01481
1970,132011
1971,01330
1972,01470
1973,01469
1974,01469
1975,132758
1976,01388
1977,01306
1978,01305
1979,01312
1980,01318
1981,01321
1982,01318
1983,01327
1984,01318
1985,01320
1986,01318
1987,01318
1988,01359
1989,01331
1990,01362
1991,01307
1992,01330
1993,01320
1994,01362
1995,01487
1996,01441
1997,01464
1998,01306
1999,01379
2000,01401
2001,01460
2002,01387
2003,132731
2004,01399
2005,01318
2006,01403
2007,01411
2008,01362
2009,01383
2010,01335
2011,01462
2012,01462
2013,132833
2014,01337
2015,01351
2016,01337
2017,01339
2018,01357
2019,01359
2020,01364
2021,01383
2022,01359
2023,01343
2024,132845
2025,01389
2026,01308
2027,01308
2028,01383
2029,01436
2030,01403
2031,01477
2032,01421
2033,01430
2034,01342
2035,01424
2036,132773
2037,132773
2038,01431
2039,01431
2040,01457
2041,01456
2042,132011
2043,132850
2044,01340
2045,132864
2046,01307
2047,01339
2048,01411
2049,132732
2050,01440
2051,01415
2052,01322
2053,01330
2054,01367
2055,01394
2056,132776
2057,01481
2058,01400
2059,01401
2060,01487
2061,01474
2062,01381
2063,01392
2064,01393
2065,01442
2066,01442
2067,01442
2068,01430
2069,01430
2070,01388
2071,01433
2072,01442
2073,01431
2074,132797
2075,01304
2076,132828
2077,01330
2078,01384
2079,01445
2080,01324
2081,01364
2082,01321
2083,01320
2084,01320
2085,01419
2086,01419
2087,01439
2088,01411
2089,01411
2090,01461
2091,01388
2092,01421
2093,01407
2094,01400
2095,01342
2096,01382
2097,01478
2098,01427
2099,01383
2100,01404
2101,01475
2102,01364
2103,01368
2104,01318
2105,01467
2106,01361
2107,01318
2108,132774
2109,01403
2110,01481
2111,132866
2112,132739
2113,01439
2114,01439
2115,01368
2116,01469
2117,01318
2118,01365
2119,01465
2120,01315
2121,01421
2122,01423
2123,01460
2124,01466
2125,01461
2126,01481
2127,01487
2128,01417
2129,01416
2130,01417
2131,01410
2132,01489
2133,01411
2134,01409
2135,01403
2136,01402
2137,01402
2138,01424
2139,132907
2140,01453
2141,01475
2142,01489
2143,01431
2144,01464
2145,01416
2146,01461
2147,132773
2148,01350
2149,01398
2150,132749
2151,01421
2152,01310
2153,01351
2154,01404
2155,01421
2156,01342
2157,01422
2158,01380
2159,01330
2160,01318
2161,132757
2162,132733
2163,01318
2164,01478
2165,132841
2166,01359
2167,01421
2168,01367
2169,01474
2170,01388
2171,132844
2172,01393
2173,01387
2174,01460
2175,02436
2176,02608
2177,02426
2178,02454
2179,02432
2180,02423
2181,02564
2182,02519
2183,02598
2184,02410
2185,02638
2186,02569
2187,02544
2188,02448
2189,02521
2190,02437
2191,02428
2192,02407
2193,02610
2194,02535
2195,02553
2196,02601
2197,02612
2198,02478
2199,02511
2200,02613
2201,02598
2202,02577
2203,02451
2204,02624
2205,02526
2206,02637
2207,02532
2208,02402
2209,02402
2210,02512
2211,02516
2212,02607
2213,02607
2214,02477
2215,02624
2216,02638
2217,02407
2218,02404
2219,02638
2220,02532
2221,02535
2222,02635
2223,02487
2224,02476
2225,02505
2226,02500
2227,02623
2228,02581
2229,02628
2230,02496
2231,02469
2232,02569
2233,02460
2234,02526
2235,02423
2236,02598
2237,02513
2238,02513
2239,02639
2240,02441
2241,02524
2242,02525
2243,02461
2244,02461
2245,02533
2246,02429
2247,02508
2248,02484
2249,02584
2250,02474
2251,02508
2252,02625
2253,02558
2254,02467
2255,02639
2256,02479
2257,02639
2258,02411
2259,02407
2260,02615
2261,02606
2262,02577
2263,02562
2264,02578
2265,02535
2266,02606
2267,02620
2268,02464
2269,02427
2270,02406
2271,02422
2272,02422
2273,02467
2274,02407
2275,02407
2276,02527
2277,02643
2278,02643
2279,130719
2280,02638
2281,02644
2282,02548
2283,02512
2284,02409
2285,02616
2286,02452
2287,02487
2288,02587
2289,02536
2290,02586
2291,02592
2292,02524
2293,02575
2294,02550
2295,02642
2296,02592
2297,130839
2298,02616
2299,02642
2300,02625
2301,02422
2302,02455
2303,02449
2304,02467
2305,02524
2306,130864
2307,02490
2308,02623
2309,02594
2310,02512
2311,02512
2312,02533
2313,02606
2314,02567
2315,02567
2316,02521
2317,02547
2318,02435
2319,02453
2320,02512
2321,02445
2322,02496
2323,02593
2324,02583
2325,06967
2326,07043
2327,07071
2328,06971
2329,06914
2330,156718
2331,06914
2332,07066
2333,06945
2334,06969
2335,06942
2336,06936
2337,06924
2338,06919
2339,07029
2340,06945
2341,07010
2342,06920
2343,07033
2344,07064
2345,07004
2346,07005
2347,06937
2348,06990
2349,06942
2350,07011
2351,06998
2352,06989
2353,06961
2354,06965
2355,06908
2356,07045
2357,06937
2358,06960
2359,07073
2360,07026
2361,07032
2362,06990
2363,07012
2364,07030
2365,06981
2366,06939
2367,06945
2368,07062
2369,06902
2370,07033
2371,06995
2372,07061
2373,07026
2374,06917
2375,06990
2376,06981
2377,07051
2378,06919
2379,156051
2380,06935
2381,07057
2382,06918
2383,07011
2384,06943
2385,07066
2386,06962
2387,156020
2388,06928
2389,156843
2390,06948
2391,06968
2392,06991
2393,06976
2394,156836
2395,07011
2396,07031
2397,06910
2398,06965
2399,06977
2400,156815
2401,07070
2402,07020
2403,07005
2404,156033
2405,06964
2406,07054
2407,07063
2408,156768
2409,156051
2410,06921
2411,07010
2412,07052
2413,06977
2414,156032
2415,06968
2416,06967
2417,06951
2418,07072
2419,07029
2420,07061
2421,06908
2422,06949
2423,156031
2424,156701
2425,07064
2426,07027
2427,06920
2428,156846
2429,07050
2430,07037
2431,07014
2432,07067
2433,156091
2434,07003
2435,06969
2436,07039
2437,156811
2438,06996
2439,156070
2440,07050
2441,06904
2442,07029
2443,07047
2444,06927
2445,07054
2446,07028
2447,06978
2448,07060
2449,07049
2450,06985
2451,06974
2452,06959
2453,156031
2454,06935
2455,06992
2456,06986
2457,06968
2458,07015
2459,06997
2460,06939
2461,07046
2462,06945
2463,06917
2464,06966
2465,06994
2466,07058
2467,06977
2468,07034
2469,06970
2470,06994
2471,156010
2472,156846
2473,07049
2474,06954
2475,07071
2476,156834
2477,06979
2478,06972
2479,03930
2480,04093
2481,04026
2482,04143
2483,03925
2484,03926
2485,03925
2486,03925
2487,03926
2488,04013
2489,03995
2490,04159
2491,04156
2492,04022
2493,04145
2494,04185
2495,03906
2496,04056
2497,04018
2498,04171
2499,04127
2500,04166
2501,04057
2502,04105
2503,03933
2504,03977
2505,04153
2506,03950
2507,03939
2508,121850
2509,04018
2510,121821
2511,04209
2512,04007
2513,03939
2514,03911
2515,04102
2516,03925
2517,04022
2518,04105
2519,04089
2520,04111
2521,04161
2522,04019
2523,121887
2524,04181
2525,04169
2526,04047
2527,121811
2528,121781
2529,04025
2530,04204
2531,04179
2532,04161
2533,04064
2534,04064
2535,03955
2536,121869
2537,03937
2538,04166
2539,03905
2540,03905
2541,04170
2542,04051
2543,04207
2544,04207
2545,04127
2546,04139
2547,03959
2548,04170
2549,121824
2550,03968
2551,121862
2552,04129
2553,03922
2554,04161
2555,04139
2556,04139
2557,04142
2558,121762
2559,04164
2560,04188
2561,04132
2562,04132
2563,04187
2564,04139
2565,04131
2566,04131
2567,04074
2568,03930
2569,03905
2570,03930
2571,03913
2572,03902
2573,03906
2574,03920
2575,121829
2576,03990
2577,121220
2578,04065
2579,04065
2580,04065
2581,04029
2582,04002
2583,04118
2584,03930
2585,04034
2586,121868
2587,04008
2588,04090
2589,04011
2590,03968
2591,03978
2592,03953
2593,04088
2594,03946
2595,03953
2596,04090
2597,121829
2598,121888
2599,04193
2600,04189
2601,04091
2602,04088
2603,04213
2604,121855
2605,04057
2606,04139
2607,04108
2608,04178
2609,03960
2610,03959
2611,03959
2612,04069
2613,121859
2614,04113
2615,121270
2616,04208
2617,121839
2618,03904
2619,03904
2620,121845
2621,03975
2622,04183
2623,03989
2624,04139
2625,121870
2626,04123
2627,121781
2628,04092
2629,04065
2630,04129
2631,121821
2632,121859
2633,04103
2634,03968
2635,03921
2636,03921
2637,04076
2638,04076
2639,03915
2640,03902
2641,03902
2642,121808
2643,04133
2644,03988
2645,04162
2646,121877
2647,04065
2648,04202
2649,03945
2650,04028
2651,03912
2652,04084
2653,03911
2654,03941
2655,03908
2656,03977
2657,04176
2658,04007
2659,03939
2660,03961
2661,03935
2662,04099
2663,121772
2664,03946
2665,03935
2666,03935
2667,04024
2668,04153
2669,03915
2670,04129
2671,04074
2672,121820
2673,121823
2674,04147
2675,04011
2676,04015
2677,03908
2678,04011
2679,04011
2680,04083
2681,04121
2682,121845
2683,03981
2684,04129
2685,121880
2686,04060
2687,04144
2688,121826
2689,03692
2690,03714
2691,03737
2692,03739
2693,03646
2694,120121
2695,120101
2696,120796
2697,03689
2698,03745
2699,03690
2700,120093
2701,120824
2702,120825
2703,03611
2704,03769
2705,03711
2706,03783
2707,120836
2708,03759
2709,03743
2710,03711
2711,03747
2712,120190
2713,03671
2714,03670
2715,03648
2716,03743
2717,03781
2718,03670
2719,03646
2720,03674
2721,03709
2722,120846
2723,120846
2724,03630
2725,03768
2726,03769
2727,03769
2728,03747
2729,03709
2730,03612
2731,03751
2732,120100
2733,03660
2734,03689
2735,03678
2736,03711
2737,03743
2738,03600
2739,03700
2740,120806
2741,03753
2742,03685
2743,03721
2744,03694
2745,120814
2746,03771
2747,03631
2748,03697
2749,03746
2750,120091
2751,03711
2752,03749
2753,03758
2754,03669
2755,03632
2756,03722
2757,120801
2758,03661
2759,03707
2760,03677
2761,03670
2762,03680
2763,03737
2764,03635
2765,03725
2766,03668
2767,03665
2768,120102
2769,03617
2770,03673
2771,03762
2772,03622
2773,03601
2774,03686
2775,120814
2776,120819
2777,03769
2778,03602
2779,120803
2780,03748
2781,03695
2782,03675
2783,03642
2784,03723
2785,03768
2786,03667
2787,03701
2788,03710
2789,03625
2790,03709
2791,03743
2792,03625
2793,03648
2794,03686
2795,03686
2796,03689
2797,03633
2798,03638
2799,03661
2800,03658
2801,03629
2802,03619
2803,03665
2804,03669
2805,06761
2806,06707
2807,06763
2808,06772
2809,06734
2810,137787
2811,06533
2812,06642
2813,06514
2814,06579
2815,06777
2816,137840
2817,06762
2818,06555
2819,06505
2820,06761
2821,06505
2822,06801
2823,06522
2824,06504
2825,06783
2826,137899
2827,137788
2828,06762
2829,137808
2830,06764
2831,137786
2832,06768
2833,06641
2834,06713
2835,06525
2836,06597
2837,06509
2838,137907
2839,06764
2840,06670
2841,06796
2842,06751
2843,06594
2844,06595
2845,06534
2846,06536
2847,06575
2848,06592
2849,06544
2850,137756
2851,137811
2852,06547
2853,06547
2854,06555
2855,06760
2856,06680
2857,06679
2858,06713
2859,06630
2860,137813
2861,06515
2862,137160
2863,06544
2864,06765
2865,06679
2866,06509
2867,06563
2868,06765
2869,06622
2870,06798
2871,06756
2872,06677
2873,06620
2874,06620
2875,06768
2876,06800
2877,06638
2878,06696
2879,06690
2880,06599
2881,06629
2882,06625
2883,06608
2884,06770
2885,06755
2886,06533
2887,06509
2888,06509
2889,06502
2890,06502
2891,06598
2892,06664
2893,06703
2894,06560
2895,06588
2896,06706
2897,06655
2898,06639
2899,06632
2900,06768
2901,06670
2902,06601
2903,06608
2904,06610
2905,06603
2906,06630
2907,06593
2908,06767
2909,06516
2910,06516
2911,06508
2912,06521
2913,06764
2914,06802
2915,06503
2916,06503
2917,06503
2918,06781
2919,06791
2920,06624
2921,06503
2922,06529
2923,06518
2924,06800
2925,06798
2926,06798
2927,06802
2928,06802
2929,06567
2930,06765
2931,06764
2932,06764
2933,06577
2934,06572
2935,06504
2936,06677
2937,06593
2938,06730
2939,06734
2940,06509
2941,06800
2942,06602
2943,06798
2944,06670
2945,06642
2946,06742
2947,06703
2948,06638
2949,06681
2950,06562
2951,06556
2952,06733
2953,06698
2954,06802
2955,06778
2956,06629
2957,137848
2958,06765
2959,06708
2960,06800
2961,137816
2962,06762
2963,06564
2964,06800
2965,06565
2966,06676
2967,06515
2968,06767
2969,06786
2970,06737
2971,06737
2972,06784
2973,06794
2974,06794
2975,06780
2976,06785
2977,06705
2978,06521
2979,06739
2980,06768
2981,06603
2982,06641
2983,06636
2984,06726
2985,06509
2986,06527
2987,06518
2988,06521
2989,06697
2990,06518
2991,137844
2992,06802
2993,06806
2994,06519
2995,06672
2996,06767
2997,06764
2998,06767
2999,137797
3000,06678
3001,06768
3002,06610
3003,06744
3004,06642
3005,06642
3006,06801
3007,137950
3008,06798
3009,06762
3010,06563
3011,06762
3012,06567
3013,06509
3014,137844
3015,06529
3016,04707
3017,04774
3018,04800
3019,04775
3020,04713
3021,04792
3022,04734
3023,04776
3024,04741
3025,04732
3026,04721
3027,04719
3028,04738
3029,04726
3030,04731
3031,04718
3032,04722
3033,04728
3034,04729
3035,04711
3036,04701
3037,04804
3038,04721
3039,04707
3040,04733
3041,04747
3042,04724
3043,04733
3044,04728
3045,04757
3046,04753
3047,04731
3048,04731
3049,133846
3050,04711
3051,04718
3052,04773
3053,04728
3054,04761
3055,04704
3056,04765
3057,04745
3058,04737
3059,04775
3060,04704
3061,04795
3062,04794
3063,04795
3064,04792
3065,04780
3066,04776
3067,04788
3068,04701
3069,04701
3070,04701
3071,04801
3072,04800
3073,04711
3074,04722
3075,04701
3076,04736
3077,04707
3078,04750
3079,04714
3080,04806
3081,04714
3082,04745
3083,04742
3084,04727
3085,04774
3086,04702
3087,04700
3088,04773
3089,04712
3090,04768
3091,04745
3092,04717
3093,04716
3094,04746
3095,04719
3096,04700
3097,04743
3098,04741
3099,04732
3100,04755
3101,04711
3102,04728
3103,04718
3104,04734
3105,04805
3106,04753
3107,04747
3108,04713
3109,133775
3110,04713
3111,04768
3112,04775
3113,04710
3114,04710
3115,04720
3116,04717
3117,04776
3118,04733
3119,133846
3120,04790
3121,133852
3122,133845
3123,04721
3124,04703
3125,133094
3126,133022
3127,133757
3128,04806
3129,04740
3130,04717
3131,04728
3132,04704
3133,04726
3134,04757
3135,04701
3136,04789
3137,133816
3138,04801
3139,04777
3140,04786
3141,04797
3142,04714
3143,04778
3144,04720
3145,04708
3146,04721
3147,04716
3148,04746
3149,04739
3150,04718
3151,04799
3152,04739
3153,04734
3154,04753
3155,04737
3156,04718
3157,04717
3158,04776
3159,04805
3160,04781
3161,133849
3162,04776
3163,04718
3164,04791
3165,04707
3166,04727
3167,04768
3168,04717
3169,04761
3170,04703
3171,04728
3172,04775
3173,04715
3174,04718
3175,04734
3176,133759
3177,04740
3178,04740
3179,04702
3180,04713
3181,04738
3182,04738
3183,04763
3184,133777
3185,04718
3186,04746
3187,04800
3188,04738
3189,04720
3190,04768
3191,04780
3192,02812
3193,02792
3194,02798
3195,02863
3196,02798
3197,02723
3198,02853
3199,02841
3200,02841
3201,02765
3202,02755
3203,02708
3204,02760
3205,02702
3206,02807
3207,136807
3208,02724
3209,136801
3210,02721
3211,02714
3212,02767
3213,02702
3214,02798
3215,02807
3216,02756
3217,02819
3218,02719
3219,02802
3220,02802
3221,02725
3222,02765
3223,02726
3224,02820
3225,02757
3226,02716
3227,136761
3228,02787
3229,02749
3230,02832
3231,02783
3232,02714
3233,02812
3234,02779
3235,02831
3236,02742
3237,02743
3238,02849
3239,02753
3240,02723
3241,02715
3242,02714
3243,02831
3244,136055
3245,02829
3246,02844
3247,02828
3248,02828
3249,02787
3250,02806
3251,02830
3252,02726
3253,02726
3254,02753
3255,02716
3256,02753
3257,02750
3258,02750
3259,02715
3260,02793
3261,02712
3262,02712
3263,02720
3264,02794
3265,02760
3266,02721
3267,02804
3268,02804
3269,02790
3270,02790
3271,02721
3272,136733
3273,02741
3274,02794
3275,02757
3276,136815
3277,02771
3278,02769
3279,02831
3280,02739
3281,02748
3282,02736
3283,136110
3284,02720
3285,02827
3286,02721
3287,02721
3288,02880
3289,136132
3290,02723
3291,02787
3292,02714
3293,136849
3294,02702
3295,02766
3296,02873
3297,02873
3298,02709
3299,02741
3300,02750
3301,02750
3302,02798
3303,02739
3304,02748
3305,02735
3306,02868
3307,02863
3308,02877
3309,136041
3310,02875
3311,02875
3312,02790
3313,02794
3314,02807
3315,02807
3316,136054
3317,02756
3318,02803
3319,02754
3320,02780
3321,136820
3322,02816
3323,02803
3324,136858
3325,136085
3326,02781
3327,02798
3328,02730
3329,02796
3330,02848
3331,02712
3332,02834
3333,02769
3334,136845
3335,02753
3336,02741
3337,02717
3338,02737
3339,02741
3340,02871
3341,02817
3342,02757
3343,02874
3344,02805
3345,02821
3346,02714
3347,02719
3348,02709
3349,02799
3350,02794
3351,02810
3352,02810
3353,02748
3354,02855
3355,02853
3356,02858
3357,02843
3358,136794
3359,136110
3360,02753
3361,02832
3362,02844
3363,02718
3364,136839
3365,02713
3366,02750
3367,02801
3368,02742
3369,136041
3370,02723
3371,02798
3372,136071
3373,02798
3374,02831
3375,02864
3376,02708
3377,136132
3378,02723
3379,02804
3380,02721
3381,02701
3382,02701
3383,02751
3384,02741
3385,02741
3386,136131
3387,02749
3388,02721
3389,136733
3390,02763
3391,02828
3392,02791
3393,02759
3394,02759
3395,02762
3396,02774
3397,02754
3398,02766
3399,02744
3400,02744
3401,02781
3402,02744
3403,02769
3404,02756
3405,02815
3406,02718
3407,02717
3408,02719
3409,02812
3410,136775
3411,02818
3412,02818
3413,02702
3414,02709
3415,02862
3416,02746
3417,02754
3418,02804
3419,02804
3420,02754
3421,136827
3422,02719
3423,02798
3424,136826
3425,136833
3426,02789
3427,02797
3428,02803
3429,02797
3430,02797
3431,02726
3432,02757
3433,02814
3434,02828
3435,02828
3436,02863
3437,02741
3438,02780
3439,136143
3440,02712
3441,136104
3442,02755
3443,02871
3444,02759
3445,02702
3446,02755
3447,136833
3448,02813
3449,02760
3450,02788
3451,02788
3452,02768
3453,02844
3454,02842
3455,02831
3456,136840
3457,02780
3458,02813
3459,02724
3460,02724
3461,02750
3462,02835
3463,136836
3464,02764
3465,02801
3466,02802
3467,02798
3468,02798
3469,02826
3470,02826
3471,02826
3472,02702
3473,05753
3474,05694
3475,05600
3476,05836
3477,05822
3478,05590
3479,05698
3480,05705
3481,05698
3482,05785
3483,05832
3484,05832
3485,05698
3486,05711
3487,05698
3488,05698
3489,05744
3490,05820
3491,05768
3492,05768
3493,05771
3494,05744
3495,05744
3496,05735
3497,05779
3498,05744
3499,05771
3500,05788
3501,05788
3502,05735
3503,05744
3504,05773
3505,05785
3506,05510
3507,05540
3508,05697
3509,05805
3510,05700
3511,05539
3512,05754
3513,138751
3514,05732
3515,05555
3516,05853
3517,05640
3518,05738
3519,05630
3520,05532
3521,05748
3522,05782
3523,138110
3524,05704
3525,05527
3526,05853
3527,138815
3528,05853
3529,05507
3530,05634
3531,05784
3532,05629
3533,138852
3534,05734
3535,05555
3536,05769
3537,05769
3538,05581
3539,05836
3540,05792
3541,05792
3542,05714
3543,05786
3544,05785
3545,05686
3546,05856
3547,05698
3548,05548
3549,05742
3550,138171
3551,05796
3552,05646
3553,05529
3554,05512
3555,05504
3556,138830
3557,138864
3558,05665
3559,05657
3560,05501
3561,05817
3562,05673
3563,05555
3564,05607
3565,05610
3566,05554
3567,05767
3568,05619
3569,05690
3570,05532
3571,05705
3572,05502
3573,05502
3574,05525
3575,05788
3576,138220
3577,05507
3578,05533
3579,05711
3580,05724
3581,05724
3582,05769
3583,05738
3584,05738
3585,05782
3586,05763
3587,05758
3588,05761
3589,05746
3590,05853
3591,05507
3592,05507
3593,05676
3594,138171
3595,05555
3596,05642
3597,05796
3598,05804
3599,05798
3600,05797
3601,05793
3602,05812
3603,05507
3604,138829
3605,05629
3606,05642
3607,05642
3608,05637
3609,05633
3610,05645
3611,05629
3612,05546
3613,05812
3614,05730
3615,05501
3616,05672
3617,05525
3618,05853
3619,05631
3620,05671
3621,05848
3622,05574
3623,05501
3624,138857
3625,05813
3626,05799
3627,05785
3628,05692
3629,05750
3630,05812
3631,05816
3632,05756
3633,05510
3634,05794
3635,05794
3636,05584
3637,05598
3638,05584
3639,138201
3640,05732
3641,05769
3642,05825
3643,138229
3644,05699
3645,05505
3646,05535
3647,05684
3648,05687
3649,05611
3650,05690
3651,05611
3652,05601
3653,05569
3654,05689
3655,05507
3656,05741
3657,05668
3658,05763
3659,05714
3660,05778
3661,05527
3662,05807
3663,05676
3664,05676
3665,05552
3666,05721
3667,05852
3668,05791
3669,05720
3670,05767
3671,05807
3672,05849
3673,05764
3674,05736
3675,05666
3676,05848
3677,05814
3678,05853
3679,05814
3680,05669
3681,05764
3682,05837
3683,05512
3684,05510
3685,138820
3686,05710
3687,05833
3688,05502
3689,05705
3690,05705
3691,05548
3692,05706
3693,05607
3694,05759
3695,05733
3696,05580
3697,05665
3698,05786
3699,138732
3700,138704
3701,05773
3702,05744
3703,05530
3704,138200
3705,05748
3706,05507
3707,05538
3708,138705
3709,05501
3710,05784
3711,05748
3712,05688
3713,05785
3714,05622
3715,05731
3716,05738
3717,05728
3718,05661
3719,138857
3720,05707
3721,05760
3722,05763
3723,05773
3724,05634
3725,05506
3726,05537
3727,05735
3728,05853
3729,05746
3730,05711
3731,05547
3732,05547
3733,05792
3734,05697
3735,05846
3736,05853
3737,05847
3738,05847
3739,05790
3740,05853
3741,05852
3742,05853
3743,05853
3744,05846
3745,05852
3746,05848
3747,05776
3748,05791
3749,05853
3750,05595
3751,05827
3752,05707
3753,05627
3754,05748
3755,05507
3756,05607
3757,05510
3758,05607
3759,05607
3760,05507
3761,05784
3762,138861
3763,05507
3764,05564
3765,05570
3766,05792
3767,05740
3768,05797
3769,138825
3770,05598
3771,05722
3772,05507
3773,138846
3774,05568
3775,05770
3776,138840
3777,05508
3778,05782
3779,05823
3780,05761
3781,05797
3782,05526
3783,05621
3784,05567
3785,05813
3786,05756
3787,05849
3788,138050
3789,05718
3790,05593
3791,05853
3792,05700
3793,05823
3794,05643
3795,05834
3796,138808
3797,05507
3798,05678
3799,05528
3800,05813
3801,05813
3802,05813
3803,05799
3804,05792
3805,05812
3806,05812
3807,05812
3808,05815
3809,05792
3810,05813
3811,05748
3812,05507
3813,05507
3814,05848
3815,05504
3816,05856
3817,138224
3818,05514
3819,05514
3820,05515
3821,05537
3822,05536
3823,05521
3824,05668
3825,05666
3826,138855
3827,138808
3828,05732
3829,05516
3830,05767
3831,05623
3832,05684
3833,05813
3834,05533
3835,05607
3836,05751
3837,05800
3838,05508
3839,05805
3840,05782
3841,05600
3842,05666
3843,05501
3844,05698
3845,05698
3846,05698
3847,05698
3848,05698
3849,05698
3850,05698
3851,05698
3852,05798
3853,07900
3854,07949
3855,07903
3856,07903
3857,08106
3858,08027
3859,08027
3860,07963
3861,08104
3862,08110
3863,07900
3864,08054
3865,07910
3866,08050
3867,08061
3868,07949
3869,08080
3870,07960
3871,07902
3872,07960
3873,07952
3874,07951
3875,07984
3876,07982
3877,07964
3878,07929
3879,07940
3880,08102
3881,07962
3882,07941
3883,08051
3884,08018
3885,08107
3886,08078
3887,08076
3888,07921
3889,08009
3890,08071
3891,08020
3892,08111
3893,08078
3894,07987
3895,07979
3896,08072
3897,08072
3898,07913
3899,08100
3900,07943
3901,08080
3902,08108
3903,07906
3904,08024
3905,08049
3906,08109
3907,08061
3908,07902
3909,08105
3910,07943
3911,07914
3912,08045
3913,08107
3914,07909
3915,08046
3916,08014
3917,07933
3918,07993
3919,07929
3920,08090
3921,08053
3922,07929
3923,08061
3924,07916
3925,07949
3926,08080
3927,07963
3928,08107
3929,07931
3930,08028
3931,07930
3932,07929
3933,08037
3934,08090
3935,08060
3936,08052
3937,08086
3938,158818
3939,08063
3940,08063
3941,158072
3942,07950
3943,07900
3944,07924
3945,07921
3946,08025
3947,07900
3948,07911
3949,08050
3950,08021
3951,08081
3952,07960
3953,08090
3954,07958
3955,07989
3956,07949
3957,07988
3958,08052
3959,08077
3960,07960
3961,07902
3962,08097
3963,07926
3964,07958
3965,07929
3966,07928
3967,08008
3968,158846
3969,158093
3970,07912
3971,08012
3972,07962
3973,07918
3974,07993
3975,07914
3976,08038
3977,158851
3978,08080
3979,08085
3980,08037
3981,158812
3982,07912
3983,07913
3984,08088
3985,07927
3986,08031
3987,07960
3988,07956
3989,08089
3990,158076
3991,08094
3992,07925
3993,08040
3994,07979
3995,07967
3996,158091
3997,08097
3998,08042
3999,08109
4000,08107
4001,08007
4002,07931
4003,08037
4004,07945
4005,07962
4006,08098
4007,08042
4008,07957
4009,08061
4010,07936
4011,07971
4012,08045
4013,07971
4014,08029
4015,08044
4016,08094
4017,08018
4018,07938
4019,07914
4020,08030
4021,07936
4022,08097
4023,08028
4024,08037
4025,07930
4026,08038
4027,08010
4028,08063
4029,158860
4030,07918
4031,158847
4032,08109
4033,07900
4034,07908
4035,08045
4036,07975
4037,08018
4038,07981
4039,07920
4040,08045
4041,07958
4042,07993
4043,08080
4044,08031
4045,08073
4046,08105
4047,07966
4048,08105
4049,158833
4050,08050
4051,07958
4052,07932
4053,07920
4054,08017
4055,08104
4056,08089
4057,07932
4058,07986
4059,08054
4060,08109
4061,08031
4062,08028
4063,07970
4064,07993
4065,07928
4066,08074
4067,07928
4068,08070
4069,07914
4070,08105
4071,08110
4072,07940
4073,08107
4074,07905
4075,08002
4076,07385
4077,07280
4078,07235
4079,07242
4080,150977
4081,07330
4082,07335
4083,07336
4084,07236
4085,07216
4086,07429
4087,07210
4088,07377
4089,07223
4090,150781
4091,150900
4092,07233
4093,07350
4094,07321
4095,07327
4096,07210
4097,07392
4098,07349
4099,150825
4100,07431
4101,07225
4102,150808
4103,07225
4104,150853
4105,07423
4106,07265
4107,07220
4108,07265
4109,150072
4110,07428
4111,07415
4112,150856
4113,07365
4114,07365
4115,07283
4116,07373
4117,07201
4118,07365
4119,07365
4120,07355
4121,07374
4122,07390
4123,07292
4124,07208
4125,07390
4126,150762
4127,07210
4128,07215
4129,07423
4130,07385
4131,07355
4132,150822
4133,150847
4134,07368
4135,07216
4136,07413
4137,07442
4138,07327
4139,07220
4140,07285
4141,07299
4142,07261
4143,07288
4144,07298
4145,07368
4146,07201
4147,07355
4148,07264
4149,07282
4150,07217
4151,07423
4152,07380
4153,07388
4154,07288
4155,07319
4156,07276
4157,07350
4158,07227
4159,150754
4160,07436
4161,150822
4162,07436
4163,07319
4164,07311
4165,150822
4166,07298
4167,07244
4168,07269
4169,07348
4170,07204
4171,07211
4172,150764
4173,07345
4174,07361
4175,07437
4176,07258
4177,07319
4178,07362
4179,07318
4180,150841
4181,07356
4182,150051
4183,07427
4184,07376
4185,150825
4186,07220
4187,07286
4188,07356
4189,07381
4190,07278
4191,07437
4192,07437
4193,07214
4194,07214
4195,07217
4196,07256
4197,07395
4198,07264
4199,07282
4200,07278
4201,07247
4202,07364
4203,07206
4204,07270
4205,07211
4206,07206
4207,07206
4208,07215
4209,07322
4210,07327
4211,07239
4212,07340
4213,07341
4214,07343
4215,07270
4216,150857
4217,07202
4218,150037
4219,07256
4220,07412
4221,07244
4222,07228
4223,07424
4224,07287
4225,07251
4226,150044
4227,07388
4228,150839
4229,07303
4230,07366
4231,150818
4232,07373
4233,07430
4234,07432
4235,07362
4236,07438
4237,07318
4238,150043
4239,150055
4240,07309
4241,07362
4242,150755
4243,07446
4244,07433
4245,07282
4246,07343
4247,07401
4248,07258
4249,07258
4250,07435
4251,07204
4252,07378
4253,07356
4254,07350
4255,07435
4256,07356
4257,07329
4258,07330
4259,07376
4260,07377
4261,07265
4262,150054
4263,07416
4264,07416
4265,07287
4266,07288
4267,07416
4268,07344
4269,07347
4270,07347
4271,07365
4272,07414
4273,07405
4274,07226
4275,07219
4276,07395
4277,07245
4278,07362
4279,150805
4280,150907
4281,150797
4282,07360
4283,07242
4284,07321
4285,07238
4286,07204
4287,07204
4288,07325
4289,07390
4290,07419
4291,07392
4292,07411
4293,07295
4294,150053
4295,07377
4296,07377
4297,07211
4298,07212
4299,07443
4300,150824
4301,04323
4302,04419
4303,04409
4304,04383
4305,04383
4306,04397
4307,04315
4308,04358
4309,04318
4310,04356
4311,04356
4312,04363
4313,04316
4314,04398
4315,04332
4316,04381
4317,04311
4318,04358
4319,04336
4320,04312
4321,04312
4322,140901
4323,04415
4324,04343
4325,04413
4326,04368
4327,04351
4328,04375
4329,04378
4330,04323
4331,04354
4332,04300
4333,04398
4334,140847
4335,04360
4336,04362
4337,04344
4338,140727
4339,04339
4340,04310
4341,04427
4342,04368
4343,04374
4344,04300
4345,04348
4346,04358
4347,04379
4348,04336
4349,04336
4350,04397
4351,04336
4352,04336
4353,04313
4354,04363
4355,04316
4356,04390
4357,04375
4358,04386
4359,04317
4360,04314
4361,04363
4362,04365
4363,04420
4364,04374
4365,04349
4366,04351
4367,04324
4368,140840
4369,04338
4370,04346
4371,04356
4372,04398
4373,04307
4374,04309
4375,04416
4376,04317
4377,04316
4378,04381
4379,04307
4380,04405
4381,04335
4382,04307
4383,04422
4384,04360
4385,04338
4386,04306
4387,04368
4388,04381
4389,04411
4390,04319
4391,04355
4392,04332
4393,04335
4394,03364
4395,03356
4396,03306
4397,03483
4398,03301
4399,03330
4400,03339
4401,03426
4402,03428
4403,03332
4404,03425
4405,03411
4406,03300
4407,03309
4408,03300
4409,03382
4410,03301
4411,03328
4412,03446
4413,03469
4414,03382
4415,03370
4416,03366
4417,03459
4418,03393
4419,03427
4420,03490
4421,03487
4422,03476
4423,03469
4424,03372
4425,03351
4426,03348
4427,03446
4428,03366
4429,03319
4430,03425
4431,03303
4432,03470
4433,03308
4434,03422
4435,03440
4436,03391
4437,03311
4438,03418
4439,03404
4440,03302
4441,03392
4442,03311
4443,03303
4444,03403
4445,03456
4446,03494
4447,03474
4448,03462
4449,03477
4450,03472
4451,03418
4452,03302
4453,03357
4454,03403
4455,03369
4456,03406
4457,03304
4458,03432
4459,03467
4460,03339
4461,03414
4462,03426
4463,03301
4464,03301
4465,03355
4466,122733
4467,03428
4468,122881
4469,03443
4470,03301
4471,03366
4472,03420
4473,122010
4474,03420
4475,03464
4476,03499
4477,03467
4478,03374
4479,03438
4480,122952
4481,03459
4482,122830
4483,122829
4484,03391
4485,03302
4486,122887
4487,122898
4488,03325
4489,122010
4490,03393
4491,03467
4492,03357
4493,03310
4494,122867
4495,03381
4496,03434
4497,03304
4498,03470
4499,03489
4500,03444
4501,03426
4502,03419
4503,03499
4504,122882
4505,03483
4506,03322
4507,03477
4508,03475
4509,03356
4510,122902
4511,03311
4512,03303
4513,03496
4514,03322
4515,03474
4516,03349
4517,03363
4518,03432
4519,03467
4520,03304
4521,03303
4522,03444
4523,122912
4524,03354
4525,03457
4526,03470
4527,03443
4528,03351
4529,03380
4530,03391
4531,03322
4532,03497
4533,03303
4534,122877
4535,03419
4536,03306
4537,03414
4538,03403
4539,03473
4540,03446
4541,03450
4542,03423
4543,03450
4544,03446
4545,122810
4546,122011
4547,03469
4548,03496
4549,03477
4550,122919
4551,03498
4552,03466
4553,03302
4554,03311
4555,03502
4556,03319
4557,03395
4558,03427
4559,122081
4560,03473
4561,122905
4562,03399
4563,03405
4564,03343
4565,03340
4566,03358
4567,03305
4568,03311
4569,03432
4570,122902
4571,03477
4572,03302
4573,03471
4574,122834
4575,03389
4576,03477
4577,122910
4578,03472
4579,122901
4580,03395
4581,122859
4582,122704
4583,03493
4584,03497
4585,03406
4586,03378
4587,03462
4588,03454
4589,03308
4590,03315
4591,03328
4592,03476
4593,122919
4594,03481
4595,122012
4596,03453
4597,03481
4598,122950
4599,122834
4600,03335
4601,03403
4602,03306
4603,03335
4604,03451
4605,03454
4606,03303
4607,122755
4608,03391
4609,03493
4610,03303
4611,03310
4612,03310
4613,03306
4614,03309
4615,03313
4616,122013
4617,03357
4618,03415
4619,03357
4620,122947
4621,03426
4622,03314
4623,03429
4624,03370
4625,03425
4626,03425
4627,122891
4628,03304
4629,03302
4630,122876
4631,03499
4632,03419
4633,122846
4634,03367
4635,03367
4636,122908
4637,03328
4638,03393
4639,03328
4640,03329
4641,03476
4642,122200
4643,03306
4644,122882
4645,03465
4646,03420
4647,122919
4648,03406
4649,03311
4650,122041
4651,03362
4652,03475
4653,122909
4654,03159
4655,03175
4656,03082
4657,03184
4658,03160
4659,03128
4660,03188
4661,03187
4662,03115
4663,03056
4664,03053
4666,03165
4667,03180
4668,03166
4669,03176
4670,03012
4671,03013
4672,03106
4673,03091
4674,03091
4675,03056
4676,03037
4677,03180
4678,03088
4679,03025
4680,03025
4681,03156
4682,03184
4683,03060
4684,03025
4685,03065
4686,03047
4687,03047
4688,03024
4689,03072
4690,03019
4691,03039
4692,03129
4693,03049
4694,03016
4695,03169
4696,03085
4697,03151
4698,03171
4699,03171
4700,03097
4701,03034
4702,03108
4703,03094
4704,03174
4705,03055
4706,03021
4707,03128
4708,03128
4709,03076
4710,110012
4711,110816
4712,03131
4713,03025
4714,03173
4715,03009
4716,03073
4717,03113
4718,03105
4719,03089
4720,03120
4721,03031
4722,03130
4723,03139
4724,03099
4725,03182
4726,03058
4727,03176
4728,03084
4729,03033
4730,110490
4731,04637
4732,04538
4733,04539
4734,04637
4735,04506
4736,04614
4737,04578
4738,04539
4739,04595
4740,04516
4741,04516
4742,04604
4743,100859
4744,04576
4745,04584
4746,04572
4747,04501
4748,04582
4749,04502
4750,04516
4751,04538
4752,04595
4753,04523
4754,04572
4755,100826
4756,04515
4757,04544
4758,04583
4759,04610
4760,04598
4761,04608
4762,04590
4763,04542
4764,04542
4765,04596
4766,04597
4767,04552
4768,04521
4769,100091
4770,04539
4771,04546
4772,04619
4773,100781
4774,100781
4775,100781
4776,04508
4777,100828
4778,04592
4779,04618
4780,04595
4781,04548
4782,04626
4783,04583
4784,04525
4785,04527
4786,04633
4787,02252
4788,02048
4789,02232
4790,02057
4791,02175
4792,02209
4793,02176
4794,02131
4795,02131
4796,02055
4797,02175
4798,02241
4799,02064
4800,02263
4801,02180
4802,02121
4803,02041
4804,02230
4805,131830
4806,02067
4807,02180
4808,131820
4809,02019
4810,02028
4811,02179
4812,02065
4813,02225
4814,02131
4815,02021
4816,02243
4817,02230
4818,02257
4819,02157
4820,02222
4821,02086
4822,02081
4823,02045
4824,02177
4825,02166
4826,131787
4827,02128
4828,02026
4829,02167
4830,02007
4831,02217
4832,02044
4833,02252
4834,02226
4835,02013
4836,02139
4837,02154
4838,02081
4839,131132
4840,02249
4841,02176
4842,02226
4843,02025
4844,02058
4845,02053
4846,02192
4847,02192
4848,02054
4849,02191
4850,02071
4851,131882
4852,02102
4853,02092
4854,02053
4855,02070
4856,02025
4857,02076
4858,02175
4859,02080
4860,02080
4861,02069
4862,131768
4863,02068
4864,02157
4865,131763
4866,02004
4867,02025
4868,02060
4869,02094
4870,02015
4871,02037
4872,131765
4873,02028
4874,131851
4875,02041
4876,02233
4877,02095
4878,02133
4879,02133
4880,02039
4881,02054
4882,02212
4883,02084
4884,02054
4885,02237
4886,02201
4887,02068
4888,02068
4889,02055
4890,02231
4891,02034
4892,02250
4893,02076
4894,02069
4895,02069
4896,02069
4897,131813
4898,02003
4899,02003
4900,02022
4901,02075
4902,02258
4903,02020
4904,02020
4905,02139
4906,131802
4907,02055
4908,02063
4909,02067
4910,02067
4911,02137
4912,02027
4913,02207
4914,02080
4915,02220
4916,131821
4917,02063
4918,02063
4919,02063
4920,02241
4921,02053
4922,02258
4923,131881
4924,02188
4925,02015
4926,02095
4927,02205
4928,02028
4929,02054
4930,131203
4931,02173
4932,02050
4933,02043
4934,02026
