우편번호,동
06155,삼성동
06199,대치동
06100,논현동
06267,도곡동
06217,역삼동
06029,신사동
06269,도곡동
06090,삼성동
06097,삼성동
06375,"201동~216동,상가동"
06362,수서동
06306,개포동
06331,개포동
06269,도곡동
06230,역삼동
06214,역삼동
06372,자곡동
06339,일원동
06335,개포동
06262,도곡동
06270,도곡동
06095,삼성동
135967,
06345,901동~912동
06325,개포동
06031,신사동
06365,세곡동
135092,
06314,개포동
135955,청담동
06370,율현동
06276,도곡동
135805,
135782,수서동
06341,일원동
06113,논현동
06122,논현동
06072,청담동
06331,개포동
06357,개포동
06128,역삼동
06076,청담동
06170,삼성동
06343,일원동
06205,대치동
135968,
06279,대치동
06278,대치동
06279,대치동
06189,대치동
135843,대치동
06203,대치동
06280,대치동
06272,도곡동
06276,도곡동
06155,삼성동
06124,역삼동
06187,대치동
06312,개포동
06303,개포동
06202,대치동
06369,수서동
06091,삼성동
06365,세곡동
06334,개포동
06218,대치동
06375,"201동~216동,상가동"
06284,대치동
06366,세곡동
06336,개포동
06337,일원동
06164,삼성동
135889,신사동
06370,율현동
06368,수서동
06366,세곡동
06020,신사동
135891,신사동
06377,율현동
06330,개포동
06354,수서동
06375,"201동~216동,상가동"
06219,역삼동
06362,수서동
06337,일원동
06126,역삼동
06322,개포동
06115,논현동
06365,세곡동
06148,역삼동
06025,신사동
135011,
06211,역삼동
06353,수서동
06341,일원동
06081,삼성동
06354,수서동
135271,
06336,개포동
06376,세곡동
06263,도곡동
06301,도곡동
06370,율현동
06374,자곡동
06375,"201동~216동,상가동"
06375,"201동~216동,상가동"
06370,율현동
06188,대치동
06344,일원동
06015,청담동
06362,수서동
06369,수서동
06097,삼성동
06102,논현동
06250,역삼동
06362,수서동
06043,논현동
06365,세곡동
06036,신사동
06001,압구정동
06337,일원동
135244,
06347,수서동
06316,개포동
06090,삼성동
06102,논현동
06006,91동~95동
06024,신사동
06025,신사동
06017,신사동
06066,청담동
135950,청담동
135516,일원동
06088,삼성동
135880,삼성동
06366,세곡동
06366,세곡동
06229,역삼동
06223,역삼동
06245,역삼동
06216,역삼동
06376,세곡동
06311,개포동
06177,대치동
06096,삼성동
135893,신사동
135241,
06284,대치동
06337,일원동
06154,삼성동
135926,역삼동
135848,대치동
06339,일원동
06350,일원동
06321,개포동
06370,율현동
06372,자곡동
06372,자곡동
06330,개포동
135810,개포동
06247,역삼동
06314,개포동
06310,개포동
06126,역삼동
06339,일원동
06327,개포동
06213,역삼동
135957,청담동
06012,청담동
06062,청담동
06063,청담동
06341,일원동
06081,삼성동
06176,대치동
06212,삼성동
06126,역삼동
06284,대치동
06372,자곡동
06353,수서동
06077,청담동
06043,논현동
06310,개포동
06194,대치동
06194,대치동
06315,개포동
06276,도곡동
135190,세곡동
06367,수서동
135858,도곡동
06053,논현동
06117,논현동
06312,개포동
135544,
06131,역삼동
135772,
06021,신사동
06378,세곡동
06172,삼성동
06283,대치동
06375,"201동~216동,상가동"
135220,수서동
06354,수서동
06366,세곡동
06366,세곡동
06310,개포동
06131,역삼동
06181,대치동
06155,삼성동
06185,대치동
06171,삼성동
06370,율현동
06359,일원동
06365,세곡동
135962,개포동
06090,삼성동
06374,자곡동
06374,자곡동
134756,
05409,둔촌동
05269,명일동
05269,명일동
05272,상가동
05232,고덕동
05314,천호동
05282,상일동
05255,암사동
05236,101동~140동
05336,천호동
05255,암사동
05302,길동
05383,성내동
05256,암사동
05218,강일동
05210,강일동
05208,강일동
05214,강일동
05377,성내동
05287,상일동
05226,고덕동
05223,상가4동
05230,고덕동
05218,강일동
05231,고덕동
05216,강일동
05219,고덕동
05277,상일동
05324,천호동
05224,101동~153동
05224,101동~153동
05356,길동
05312,천호동
05215,강일동
05237,암사동
05360,101동~110동
05365,둔촌동
05366,둔촌동
05360,101동~110동
05266,명일동
05271,명일동
05297,명일동
05376,성내동
05240,암사동
05255,암사동
05210,강일동
05246,천호동
05405,성내동
05393,성내동
05390,성내동
05407,성내동
05394,성내동
05392,성내동
05388,성내동
05274,301동~341동
05274,301동~341동
05242,암사동
05416,901동~902동
05370,둔촌동
05300,길동
05342,길동
05213,강일동
05373,성내동
05326,천호동
05312,천호동
05308,천호동
05319,천호동
05218,강일동
05336,천호동
05287,상일동
05284,상가동
05217,강일동
05237,암사동
05265,암사동
05201,601동~615동
05285,상일동
05214,강일동
05372,둔촌동
05236,101동~140동
05242,암사동
05245,천호동
05351,길동
05394,성내동
05324,천호동
05311,천호동
05236,101동~140동
05223,상가4동
05344,길동
05358,둔촌동
134812,길동
134826,명일동
134861,천호동
05210,강일동
05276,501동~519동
05252,암사동
134877,암사동
05242,암사동
05388,성내동
134795,
05251,암사동
05287,상일동
05367,둔촌동
05366,둔촌동
05287,상일동
05253,암사동
05257,명일동
05343,길동
05266,명일동
05236,101동~140동
05271,명일동
05259,암사동
05287,상일동
05240,암사동
05211,강일동
05287,상일동
05287,상일동
05251,암사동
05389,성내동
05210,강일동
05302,길동
05294,명일동
05359,둔촌동
05274,301동~341동
05352,길동
05313,천호동
05399,성내동
05378,성내동
05210,강일동
05342,길동
05296,명일동
05213,강일동
05288,상일동
05321,천호동
05313,천호동
05261,암사동
134100,
05240,암사동
05402,성내동
05403,성내동
05393,성내동
05383,성내동
05382,성내동
05401,성내동
05387,성내동
05409,둔촌동
05223,상가4동
05251,암사동
05274,301동~341동
05219,고덕동
05242,암사동
134751,
05298,길동
05333,천호동
05271,명일동
05210,강일동
05214,강일동
05222,고덕동
05212,강일동
05208,강일동
05217,강일동
05282,상일동
05240,암사동
05242,암사동
05364,둔촌동
05282,상일동
05206,고덕동
05392,성내동
05361,둔촌동
134090,
134846,성내동
05408,성내동
05342,길동
05350,길동
05209,강일동
05241,암사동
05345,길동
05219,고덕동
05393,성내동
05403,성내동
05289,상일동
05348,길동
05275,상일동
05345,길동
05360,101동~110동
05226,고덕동
134890,성내동
05407,성내동
05240,암사동
05341,길동
05319,천호동
05313,천호동
05295,명일동
134100,
05387,성내동
134793,
05210,강일동
05336,천호동
05338,천호동
05256,암사동
05240,암사동
05400,성내동
05327,천호동
05381,성내동
05269,명일동
05255,암사동
05310,천호동
05293,명일동
05255,암사동
05388,성내동
05345,길동
05333,천호동
05296,명일동
05236,101동~140동
05236,101동~140동
05328,천호동
05313,천호동
05383,성내동
01206,미아동
01159,미아동
01071,수유동
01175,미아동
01036,수유동
142810,미아동
142823,미아동
01234,미아동
01129,미아동
01223,번동
01192,미아동
01197,미아동
01087,수유동
01197,미아동
01014,수유동
01056,번동
01139,번동
01059,번동
01196,미아동
01040,수유동
01121,미아동
01120,미아동
01090,수유동
01237,미아동
01203,미아동
01100,수유동
01044,수유동
01097,수유동
01164,미아동
01233,미아동
01184,미아동
01192,미아동
01198,미아동
01059,번동
01191,관리동
01052,수유동
01130,번동
01029,수유동
01005,우이동
01014,수유동
01193,미아동
01035,수유동
01042,"1동~3동,5동~14동"
01227,번동
01213,미아동
01233,미아동
01195,미아동
01192,미아동
01200,미아동
01162,미아동
01234,미아동
01192,미아동
01190,미아동
01107,미아동
01158,미아동
01088,수유동
01002,우이동
01134,번동
01144,번동
01115,수유동
01047,수유동
01212,미아동
01208,미아동
01019,수유동
01227,번동
01193,미아동
01002,우이동
01179,미아동
01192,미아동
01171,미아동
01042,"1동~3동,5동~14동"
01192,미아동
01124,미아동
01154,미아동
01198,미아동
01192,미아동
01121,미아동
01171,미아동
01229,번동
142813,미아동
01195,미아동
01174,미아동
142741,
01111,수유동
142875,
01103,수유동
01006,우이동
01090,수유동
01208,미아동
142071,
01040,수유동
01041,수유동
142777,
01099,수유동
01056,번동
01019,수유동
01076,수유동
01092,수유동
01136,번동
01059,번동
01236,미아동
01159,미아동
01100,수유동
01169,미아동
01198,미아동
01058,번동
01058,번동
01021,수유동
01149,번동
01049,수유동
01016,수유동
01146,번동
01184,미아동
01103,수유동
01059,번동
01030,수유동
01055,수유동
142070,수유동
01112,수유동
01233,미아동
01102,수유동
01230,번동
01005,우이동
01192,미아동
01198,미아동
01124,미아동
142801,미아동
07725,화곡동
07792,마곡동
07590,등촌동
07638,내발산동
07544,염창동
07796,마곡동
07635,내발산동
07594,마곡동
07710,화곡동
07639,내발산동
07662,화곡동
07735,화곡동
07527,가양동
07534,가양동
157810,가양동
07534,가양동
157281,
07663,화곡동
07662,화곡동
07528,가양동
07623,공항동
07634,내발산동
07809,공항동
07524,가양동
07523,가양동
07525,가양동
07548,301동~302동
07634,내발산동
07671,등촌동
07638,내발산동
07535,염창동
07517,방화동
07566,등촌동
07766,화곡동
07588,1101동~1106동
07768,화곡동
07768,화곡동
07730,화곡동
07535,염창동
07730,화곡동
07691,화곡동
07745,화곡동
07524,가양동
07651,내발산동
07621,방화동
07560,염창동
07678,화곡동
07534,가양동
07562,염창동
07697,화곡동
07674,화곡동
07587,등촌동
07531,가양동
07578,등촌동
07556,염창동
07634,내발산동
07703,화곡동
07754,화곡동
07542,염창동
07710,화곡동
07667,등촌동
07518,방화동
07609,방화동
07581,등촌동
07694,화곡동
07625,공항동
07703,화곡동
07656,화곡동
07531,가양동
07524,가양동
07721,화곡동
07707,화곡동
07740,화곡동
07580,등촌동
07524,가양동
07554,염창동
07757,화곡동
157838,등촌동
07781,화곡동
07642,내발산동
07721,화곡동
07552,등촌동
07585,등촌동
07735,화곡동
07705,화곡동
157832,
07646,내발산동
07634,내발산동
07671,등촌동
07593,마곡동
07767,화곡동
07751,화곡동
07760,화곡동
07581,등촌동
07605,방화동
07691,화곡동
07522,가양동
157836,등촌동
07730,화곡동
07738,화곡동
07703,화곡동
07595,마곡동
157915,화곡동
07537,염창동
07531,가양동
07509,방화동
07580,등촌동
07602,방화동
07638,내발산동
07576,등촌동
07789,가양동
07691,화곡동
07525,가양동
07535,염창동
07560,염창동
07594,마곡동
07659,화곡동
07595,마곡동
07560,염창동
07635,내발산동
07651,내발산동
07599,마곡동
07635,내발산동
07598,마곡동
07598,마곡동
07630,내발산동
07811,마곡동
07598,마곡동
07598,마곡동
07595,마곡동
07599,마곡동
07798,마곡동
07798,마곡동
07809,공항동
07599,마곡동
07798,마곡동
07811,마곡동
07809,공항동
07643,내발산동
07733,등촌동
07605,방화동
07662,화곡동
07597,마곡동
07776,화곡동
07781,화곡동
07682,내발산동
07552,등촌동
07693,내발산동
07647,내발산동
07681,내발산동
07510,방화동
157850,방화동
07672,등촌동
07637,내발산동
07662,화곡동
157880,화곡동
07642,내발산동
07579,"101동~108동,상가동"
07663,화곡동
07519,201동~218동
07588,1101동~1106동
07564,등촌동
07723,화곡동
07768,화곡동
07737,화곡동
157847,방화동
07688,화곡동
157934,내발산동
07636,내발산동
07510,방화동
07583,등촌동
07611,방화동
07572,등촌동
07720,화곡동
07742,화곡동
07595,마곡동
07546,가양동
07513,방화동
07531,가양동
07685,화곡동
07611,방화동
07725,화곡동
07758,화곡동
07550,등촌동
07614,방화동
07748,화곡동
07729,화곡동
07809,공항동
07761,화곡동
07541,염창동
07770,화곡동
07734,등촌동
07510,방화동
07543,염창동
157040,염창동
07617,공항동
07593,마곡동
07576,등촌동
07538,염창동
157925,화곡동
07745,화곡동
07771,화곡동
07610,방화동
07524,가양동
157836,등촌동
157832,
07634,내발산동
07677,화곡동
07735,화곡동
07611,방화동
07651,내발산동
07676,화곡동
07676,화곡동
07789,가양동
07678,화곡동
07678,화곡동
07539,301동~309동
157862,염창동
07536,염창동
07730,화곡동
07757,화곡동
07598,마곡동
07691,화곡동
07536,염창동
07656,화곡동
07516,방화동
157867,화곡동
07696,화곡동
07730,화곡동
07572,등촌동
157019,
07517,방화동
07643,내발산동
07517,방화동
157774,
07535,염창동
07744,화곡동
07681,내발산동
07725,화곡동
07715,화곡동
07585,등촌동
07804,마곡동
07765,화곡동
07531,가양동
07627,공항동
07610,방화동
07612,방화동
07720,화곡동
07609,방화동
07662,화곡동
07616,공항동
07595,마곡동
07550,등촌동
07726,화곡동
157010,화곡동
157210,마곡동
07616,공항동
07723,화곡동
07630,내발산동
07614,방화동
07531,가양동
07518,방화동
07535,염창동
07591,등촌동
07783,화곡동
07665,등촌동
157862,염창동
07603,방화동
07593,마곡동
07643,내발산동
07771,화곡동
07522,가양동
07627,공항동
07509,방화동
07750,화곡동
07526,가양동
07627,공항동
07542,염창동
07641,내발산동
07768,화곡동
07609,방화동
07670,등촌동
07723,화곡동
07691,화곡동
157836,등촌동
07544,염창동
07626,공항동
07750,화곡동
07609,방화동
07581,등촌동
07752,화곡동
07535,염창동
07547,가양동
07809,공항동
07677,화곡동
07695,화곡동
07659,화곡동
07595,마곡동
07718,화곡동
157867,화곡동
07722,화곡동
07534,가양동
07705,화곡동
07807,마곡동
07567,등촌동
07781,화곡동
07728,B동
07781,화곡동
157905,화곡동
07677,화곡동
157888,화곡동
07783,화곡동
08725,봉천동
151871,신림동
08793,봉천동
151815,봉천동
08785,봉천동
08726,101동~110동
08845,신림동
08781,신림동
08793,봉천동
08735,봉천동
08847,신림동
08725,봉천동
08790,봉천동
08771,신림동
08859,신림동
08767,신림동
08862,신림동
08725,봉천동
08858,신림동
08734,봉천동
08769,신림동
08852,신림동
08848,신림동
08833,봉천동
08793,봉천동
08730,114동~116동
08791,봉천동
08837,신림동
08782,봉천동
08775,신림동
08720,봉천동
08749,봉천동
08724,봉천동
08705,신림동
08859,신림동
08742,봉천동
08767,신림동
08751,301동~303동
08778,신림동
08865,신림동
08755,신림동
08783,신림동
08735,봉천동
08734,봉천동
08748,봉천동
08853,신림동
08830,봉천동
08719,봉천동
08797,봉천동
08847,신림동
08725,봉천동
08734,봉천동
08736,봉천동
08730,114동~116동
08734,봉천동
08734,봉천동
151050,봉천동
151050,봉천동
08856,신림동
08725,봉천동
08860,신림동
08751,301동~303동
151900,신림동
08806,남현동
08808,남현동
08782,봉천동
08853,신림동
08710,봉천동
151818,봉천동
151762,
08862,신림동
08784,봉천동
151050,봉천동
08725,봉천동
151015,신림동
08865,신림동
08792,봉천동
151013,
08725,봉천동
08709,봉천동
151050,봉천동
08856,신림동
08770,신림동
08724,봉천동
08715,봉천동
151778,
151802,남현동
08730,114동~116동
08847,신림동
151015,신림동
08830,봉천동
08722,봉천동
08783,신림동
08826,신림동
08826,신림동
151807,봉천동
08803,남현동
08786,봉천동
151050,봉천동
08780,신림동
08726,101동~110동
151800,남현동
08725,봉천동
08705,신림동
08725,봉천동
08843,신림동
08810,"1동~10동,A동~B동"
151894,신림동
151884,신림동
08773,신림동
151869,신림동
151811,봉천동
08734,봉천동
08862,신림동
08845,신림동
08725,봉천동
08829,봉천동
08865,신림동
08751,301동~303동
08725,봉천동
08793,봉천동
08857,신림동
151015,신림동
08727,봉천동
08829,봉천동
08833,봉천동
08734,봉천동
08862,신림동
151876,신림동
08843,신림동
08846,신림동
151015,신림동
08813,신림동
08734,봉천동
08778,신림동
08795,봉천동
151015,신림동
08730,114동~116동
151775,
08779,신림동
08729,봉천동
08752,봉천동
08784,봉천동
08709,봉천동
08750,봉천동
08801,봉천동
151050,봉천동
151865,신림동
08789,봉천동
08854,신림동
08756,봉천동
151050,봉천동
08708,봉천동
151015,신림동
151874,신림동
08803,남현동
08850,신림동
08743,봉천동
151815,봉천동
08716,봉천동
08774,신림동
08750,봉천동
151855,신림동
151883,신림동
151805,봉천동
151050,봉천동
08730,114동~116동
08725,봉천동
08722,봉천동
151900,신림동
08705,신림동
08862,신림동
04977,구의동
05116,구의동
05008,화양동
04974,광장동
05090,자양동
04983,광장동
04974,광장동
04968,광장동
05049,구의동
05090,자양동
04974,광장동
04959,구의동
05117,구의동
04999,군자동
04971,가동~나동
05022,구의동
04987,능동
04988,능동
04989,능동
04950,중곡동
05033,구의동
05040,구의동
05090,자양동
04984,광장동
05118,구의동
04983,광장동
05086,자양동
05118,구의동
04974,광장동
04902,중곡동
04947,중곡동
05105,자양동
04984,광장동
04925,중곡동
04934,중곡동
05118,구의동
04931,중곡동
04983,광장동
05036,구의동
04984,광장동
05084,자양동
05001,군자동
05106,자양동
05073,자양동
05054,자양동
05092,201동~203동
05074,자양동
04917,중곡동
04915,중곡동
04901,중곡동
04905,중곡동
04935,중곡동
05063,자양동
04940,중곡동
04995,군자동
05110,자양동
05107,301동
05012,화양동
05067,자양동
04981,구의동
04954,구의동
04992,구의동
05002,군자동
04946,중곡동
04971,가동~나동
04971,가동~나동
04984,광장동
04966,광장동
04908,중곡동
04950,중곡동
04967,광장동
05024,구의동
05093,자양동
05092,201동~203동
04977,구의동
05101,자양동
05119,구의동
05086,자양동
05040,구의동
04941,중곡동
04907,중곡동
04903,중곡동
05015,화양동
05118,구의동
04915,중곡동
04929,중곡동
05108,자양동
04916,중곡동
04926,중곡동
04947,중곡동
04984,광장동
05002,군자동
04998,군자동
04975,구의동
05085,자양동
05063,자양동
04983,광장동
05053,자양동
143821,구의동
05043,구의동
04954,구의동
04947,중곡동
05070,자양동
05082,자양동
04983,광장동
04931,중곡동
04977,구의동
05086,자양동
05039,구의동
04905,중곡동
04947,중곡동
04974,광장동
05090,자양동
05112,자양동
04948,구의동
04901,중곡동
04936,중곡동
05036,구의동
05050,자양동
04963,광장동
04984,광장동
04975,구의동
05058,자양동
05093,자양동
05001,군자동
05054,자양동
05092,201동~203동
05108,자양동
05075,자양동
04944,중곡동
04925,중곡동
04935,중곡동
04938,중곡동
04957,구의동
04944,중곡동
05053,자양동
04995,군자동
04907,중곡동
05112,자양동
05062,자양동
05022,구의동
05071,자양동
04983,광장동
04983,광장동
05098,자양동
04945,중곡동
05112,자양동
04995,군자동
05119,구의동
04995,군자동
05037,구의동
04904,중곡동
05070,자양동
04997,군자동
04942,중곡동
05107,301동
05055,자양동
05118,구의동
05118,구의동
05001,군자동
05056,자양동
04926,중곡동
05010,화양동
152827,고척동
08327,구로동
08238,개봉동
08331,개봉동
08333,개봉동
08236,개봉동
08342,오류동
08342,오류동
08329,개봉동
08224,고척동
08228,고척동
08354,개봉동
08284,구로동
152845,구로동
08309,구로동
08340,오류동
08362,항동
08324,구로동
08303,구로동
152868,구로동
08249,궁동
08257,궁동
08358,오류동
08365,천왕동
08306,구로동
08368,801동~805동
08357,오류동
08335,개봉동
08329,개봉동
08373,구로동
152837,고척동
08328,개봉동
08374,구로동
08281,구로동
08281,구로동
08280,구로동
08362,항동
08222,고척동
08395,가리봉동
08229,개봉동
08229,개봉동
08311,구로동
08352,개봉동
152093,
08240,고척동
08341,오류동
08241,고척동
152854,구로동
152765,구로동
08313,구로동
08357,오류동
08381,구로동
08209,신도림동
08290,구로동
08249,궁동
08218,고척동
08297,구로동
08312,구로동
08381,구로동
08357,오류동
08243,개봉동
08338,개봉동
08338,개봉동
08255,궁동
152801,가리봉동
08373,구로동
08371,구로동
152784,
08275,1동
08311,구로동
08310,구로동
08201,신도림동
08317,가리봉동
08250,개봉동
08203,신도림동
08368,801동~805동
08304,구로동
08218,고척동
08218,고척동
08281,구로동
08245,고척동
08228,고척동
08245,고척동
08245,고척동
08245,고척동
08330,개봉동
08202,신도림동
08320,구로동
152809,개봉동
08373,구로동
08324,구로동
08268,개봉동
152101,
08294,구로동
08377,구로동
152845,구로동
08304,구로동
08282,구로동
08255,궁동
152815,개봉동
08340,오류동
08311,구로동
08311,구로동
08375,구로동
08339,개봉동
08249,궁동
08383,가리봉동
152896,오류동
152101,
152870,구로동
08267,개봉동
08234,고척동
08239,고척동
152811,개봉동
08354,개봉동
08359,오류동
08239,고척동
08375,구로동
08313,구로동
152875,구로동
08350,개봉동
08235,개봉동
152752,
08323,구로동
08243,개봉동
08250,개봉동
08249,궁동
08372,구로동
08291,구로동
08365,천왕동
08350,개봉동
08371,구로동
152847,구로동
152800,가리봉동
08348,개봉동
152774,
08253,오류동
08300,구로동
08327,구로동
08384,가리봉동
08303,구로동
08330,개봉동
08272,오류동
08261,온수동
08375,구로동
08369,구로동
08323,구로동
08325,구로동
08241,고척동
08241,고척동
08239,고척동
08200,신도림동
08332,개봉동
08208,신도림동
08255,궁동
08323,구로동
08275,1동
08369,구로동
08369,구로동
08389,구로동
08341,오류동
08371,구로동
08227,고척동
152783,
08279,구로동
08279,구로동
08358,오류동
152815,개봉동
08351,개봉동
08318,구로동
08274,개봉동
08364,천왕동
08309,구로동
08202,신도림동
08289,구로동
08272,오류동
08308,구로동
08323,구로동
152894,오류동
08312,구로동
08312,구로동
08284,구로동
152872,구로동
08211,신도림동
08211,신도림동
08211,신도림동
08267,개봉동
08267,개봉동
08240,고척동
08240,고척동
152875,구로동
08329,개봉동
08217,구로동
08211,신도림동
08275,1동
152853,구로동
08266,개봉동
08269,오류동
08325,구로동
08274,개봉동
152051,
08353,개봉동
08354,개봉동
08354,개봉동
08368,801동~805동
08368,801동~805동
08201,신도림동
08364,천왕동
152140,
152101,
08365,천왕동
08388,가리봉동
08223,고척동
152837,고척동
08364,천왕동
08364,천왕동
08257,궁동
08364,천왕동
08310,구로동
08366,천왕동
08211,신도림동
08211,신도림동
08379,구로동
08291,구로동
08353,개봉동
08329,개봉동
08249,궁동
08329,개봉동
08329,개봉동
08300,구로동
08303,구로동
08347,개봉동
08305,구로동
08348,개봉동
08304,구로동
08288,구로동
08288,구로동
08523,독산동
08592,가산동
153801,가산동
08532,가산동
08564,시흥동
08584,독산동
08554,독산동
08626,시흥동
08600,독산동
08602,독산동
08520,가산동
08615,시흥동
08645,시흥동
08596,가산동
08582,독산동
08538,독산동
08599,독산동
08655,"101동~103동,105동~117동"
08608,독산동
08646,시흥동
08646,시흥동
08599,독산동
08646,시흥동
08653,시흥동
08561,독산동
08561,독산동
08560,독산동
08597,독산동
08569,시흥동
08643,시흥동
08559,독산동
08558,독산동
08574,시흥동
08623,독산동
08656,시흥동
08646,시흥동
08646,시흥동
08645,시흥동
08655,"101동~103동,105동~117동"
08560,독산동
08624,시흥동
08622,시흥동
08608,독산동
08645,시흥동
08563,시흥동
08598,독산동
08644,시흥동
08516,가산동
08611,독산동
08584,독산동
08586,독산동
08620,독산동
08599,독산동
08652,시흥동
08565,시흥동
08618,독산동
08537,독산동
08610,시흥동
08570,시흥동
08646,시흥동
08553,독산동
08560,독산동
08622,시흥동
08599,독산동
08540,독산동
153842,시흥동
08648,시흥동
08608,독산동
08617,독산동
153859,시흥동
08511,가산동
08648,시흥동
08648,시흥동
08608,독산동
08646,시흥동
08646,시흥동
08573,시흥동
08551,독산동
153819,독산동
08563,시흥동
08532,가산동
08649,시흥동
08620,독산동
08549,독산동
153806,독산동
08548,독산동
08573,시흥동
08611,독산동
08510,가산동
153825,독산동
153829,독산동
08569,시흥동
08569,시흥동
153031,
08586,독산동
08573,시흥동
08625,시흥동
08652,시흥동
08624,시흥동
08556,독산동
08644,시흥동
153846,시흥동
08563,시흥동
08646,시흥동
08549,독산동
08570,시흥동
08560,독산동
08577,독산동
08616,독산동
08627,시흥동
08618,독산동
08575,시흥동
08506,가산동
08622,시흥동
08648,시흥동
08560,독산동
08656,시흥동
08521,가산동
08594,가산동
08548,독산동
08559,독산동
08570,시흥동
08575,시흥동
08656,시흥동
08557,독산동
08569,시흥동
08579,독산동
08608,독산동
08560,독산동
153867,독산동
08531,독산동
08561,독산동
08599,독산동
08553,독산동
08637,시흥동
08618,독산동
08655,"101동~103동,105동~117동"
08622,시흥동
153758,
08566,시흥동
01889,101동~106동
01811,공릉동
01690,701동~717동
01820,공릉동
01820,공릉동
01851,공릉동
01851,공릉동
01909,"17동~23동,25동~32동"
01909,"17동~23동,25동~32동"
01610,상계동
01672,상계동
01774,중계동
01673,상계동
01603,상계동
01628,상계동
01618,상계동
01853,공릉동
01838,공릉동
01820,공릉동
01841,공릉동
01813,"3동~4동,101동~107동"
01813,"3동~4동,101동~107동"
01888,월계동
01913,월계동
01909,"17동~23동,25동~32동"
01604,상계동
01671,상계동
01703,상계동
01766,101동~110동
01617,상계동
01741,중계동
01761,상계동
01690,701동~717동
139209,
01863,하계동
01640,상계동
01675,상계동
01778,중계동
01713,중계동
01713,중계동
01844,공릉동
01675,상계동
01619,1101동~1111동
01701,101동~105동
01675,상계동
01675,상계동
01702,상계동
01630,상계동
01784,하계동
01764,상계동
01883,월계동
01864,월계동
01689,상계동
01610,상계동
01820,공릉동
01675,상계동
01820,공릉동
01676,상계동
01764,상계동
01669,상계동
01691,상계동
01679,상계동
01762,상계동
01671,상계동
01900,월계동
01867,월계동
01867,월계동
01825,공릉동
01825,공릉동
01825,공릉동
01782,중계동
01909,"17동~23동,25동~32동"
01901,월계동
01685,상계동
01774,중계동
01744,중계동
01909,"17동~23동,25동~32동"
01619,1101동~1111동
01909,"17동~23동,25동~32동"
01759,중계동
01759,중계동
139050,월계동
01679,상계동
01850,201동~202동
01755,"403동~417동,4단지관리동"
01851,공릉동
01618,상계동
01863,하계동
01678,상계동
01799,공릉동
01675,상계동
01669,상계동
01702,상계동
01769,상계동
01777,101동~105동
01669,상계동
01678,상계동
01678,상계동
139939,
01604,상계동
139838,상계동
01799,공릉동
01799,공릉동
01799,공릉동
01729,중계동
01715,중계동
01876,월계동
01875,월계동
01766,101동~110동
01675,상계동
01618,상계동
01615,상계동
01671,상계동
01820,공릉동
01865,월계동
01676,상계동
01795,공릉동
01816,공릉동
01693,상계동
01899,월계동
01909,"17동~23동,25동~32동"
01693,상계동
01643,상계동
01681,상계동
01618,상계동
01752,상계동
01671,상계동
01756,상계동
01679,상계동
01638,상계동
01638,상계동
01639,상계동
01619,1101동~1111동
139201,
139204,
01846,공릉동
01867,월계동
139957,
01663,상계동
01799,공릉동
01718,중계동
01618,상계동
01894,월계동
01894,월계동
01752,상계동
01685,상계동
139801,공릉동
01686,상계동
01718,중계동
01797,공릉동
01834,공릉동
01863,하계동
01634,상계동
01649,207동
01618,상계동
01703,상계동
01603,상계동
01755,"403동~417동,4단지관리동"
01766,101동~110동
139748,
01600,상계동
01600,상계동
01672,상계동
01696,상계동
01670,상계동
01909,"17동~23동,25동~32동"
01762,상계동
01761,상계동
01766,101동~110동
01626,상계동
01601,상계동
01748,901동~907동
01619,1101동~1111동
01669,상계동
01868,월계동
01777,101동~105동
01675,상계동
01727,중계동
139816,상계동
01779,중계동
01909,"17동~23동,25동~32동"
01725,중계동
139860,중계동
01673,상계동
01614,상계동
01676,상계동
01909,"17동~23동,25동~32동"
01617,상계동
01909,"17동~23동,25동~32동"
01776,하계동
01682,상계동
01617,상계동
01752,상계동
01909,"17동~23동,25동~32동"
01752,상계동
01913,월계동
01913,월계동
01913,월계동
01623,상계동
01778,중계동
01766,101동~110동
01701,101동~105동
139804,공릉동
01752,상계동
01774,중계동
01850,201동~202동
01653,상계동
01857,공릉동
01663,상계동
01911,월계동
01911,월계동
01706,"201동~207동,상가동"
01755,"403동~417동,4단지관리동"
01752,상계동
01630,상계동
01630,상계동
01755,"403동~417동,4단지관리동"
01619,1101동~1111동
01619,1101동~1111동
01896,월계동
01883,월계동
01913,월계동
01889,101동~106동
01889,101동~106동
01913,월계동
01888,월계동
01900,월계동
01881,월계동
01881,월계동
01885,월계동
01865,월계동
01618,상계동
139924,중계동
01764,상계동
01621,상계동
01907,월계동
01841,공릉동
01776,하계동
01913,월계동
01631,상계동
01676,상계동
01873,월계동
01799,공릉동
01619,1101동~1111동
01913,월계동
01606,상계동
01606,상계동
01722,중계동
01777,101동~105동
01909,"17동~23동,25동~32동"
01911,월계동
01606,상계동
01704,상계동
01737,중계동
01745,중계동
01701,101동~105동
139229,중계동
139854,중계동
01718,중계동
01777,101동~105동
01736,중계동
01711,중계동
01726,중계동
01880,월계동
01672,상계동
01672,상계동
01859,공릉동
01617,상계동
01618,상계동
01727,중계동
01663,상계동
01853,공릉동
01775,하계동
01775,하계동
01827,공릉동
01830,하계동
01830,하계동
01645,상계동
01645,상계동
01745,중계동
01713,중계동
01676,상계동
01617,상계동
01863,하계동
01913,월계동
01777,101동~105동
139925,
01859,공릉동
01603,상계동
01718,중계동
01907,월계동
01610,상계동
01800,공릉동
01709,중계동
01745,중계동
01692,상계동
01786,중계동
01677,상계동
01854,공릉동
01673,상계동
01671,상계동
139800,공릉동
01765,상계동
01752,상계동
01629,상계동
01850,201동~202동
01914,월계동
01704,상계동
01626,상계동
01790,하계동
01808,하계동
01863,하계동
01776,하계동
01747,하계동
01747,하계동
01648,상계동
01775,하계동
01692,상계동
01775,하계동
01775,하계동
01757,상계동
01812,공릉동
01787,중계동
139873,하계동
01863,하계동
01676,상계동
01646,상계동
01678,상계동
01833,공릉동
01636,상계동
01737,중계동
01693,상계동
01646,상계동
01646,상계동
01820,공릉동
01781,중계동
01660,상계동
01660,상계동
01617,상계동
01665,상계동
01774,중계동
139941,
01728,중계동
01901,월계동
01901,월계동
01847,공릉동
01817,공릉동
01646,상계동
01723,중계동
01871,월계동
01901,월계동
01901,월계동
01805,공릉동
139904,상계동
01675,상계동
01626,상계동
01815,공릉동
01843,공릉동
01896,월계동
132869,쌍문동
01318,도봉동
132746,
01440,쌍문동
132021,
132739,
01355,방학동
01354,방학동
01420,창동
01419,창동
01341,방학동
132781,
132769,
01467,창동
01324,상가동
01324,상가동
01409,201동~209동
01387,방학동
132918,창동
01304,도봉동
01446,쌍문동
01416,상가동
01416,상가동
01481,창동
132011,
01330,도봉동
01470,창동
01469,창동
01469,창동
132758,
01388,쌍문동
01306,도봉동
01305,도봉동
01312,도봉동
01318,도봉동
01321,도봉동
01318,도봉동
01327,도봉동
01318,도봉동
01320,도봉동
01318,도봉동
01318,도봉동
01359,방학동
01331,방학동
01362,방학동
01307,도봉동
01330,도봉동
01320,도봉동
01362,방학동
01487,창동
01441,쌍문동
01464,창동
01306,도봉동
01379,쌍문동
01401,창동
01460,창동
01387,방학동
132731,
01399,창동
01318,도봉동
01403,창동
01411,창동
01362,방학동
01383,상가동
01335,101동~103동
01462,창동
01462,창동
132833,방학동
01337,방학동
01351,방학동
01337,방학동
01339,방학동
01357,방학동
01359,방학동
01364,101동~104동
01383,상가동
01359,방학동
01343,방학동
132845,방학동
01389,1101동
01308,도봉동
01308,도봉동
01383,상가동
01436,상가3동
01403,창동
01477,창동
01421,창동
01430,상가동
01342,방학동
01424,창동
132773,
132773,
01431,쌍문동
01431,쌍문동
01457,창동
01456,창동
132011,
132850,방학동
01340,방학동
132864,쌍문동
01307,도봉동
01339,방학동
01411,창동
132732,창동
01440,쌍문동
01415,창동
01322,도봉동
01330,도봉동
01367,쌍문동
01394,쌍문동
132776,
01481,창동
01400,창동
01401,창동
01487,창동
01474,창동
01381,쌍문동
01392,쌍문동
01393,쌍문동
01442,쌍문동
01442,쌍문동
01442,쌍문동
01430,상가동
01430,상가동
01388,쌍문동
01433,쌍문동
01442,쌍문동
01431,쌍문동
132797,창동
01304,도봉동
132828,
01330,도봉동
01384,"101동~103동,105동"
01445,쌍문동
01324,상가동
01364,101동~104동
01321,도봉동
01320,도봉동
01320,도봉동
01419,창동
01419,창동
01439,쌍문동
01411,창동
01411,창동
01461,창동
01388,쌍문동
01421,창동
01407,방학동
01400,창동
01342,방학동
01382,"1동~3동,5동~20동"
01478,창동
01427,창동
01383,상가동
01404,창동
01475,창동
01364,101동~104동
01368,쌍문동
01318,도봉동
01467,창동
01361,"101동~103동,105동~110동"
01318,도봉동
132774,
01403,창동
01481,창동
132866,쌍문동
132739,
01439,쌍문동
01439,쌍문동
01368,쌍문동
01469,창동
01318,도봉동
01365,쌍문동
01465,101동~107동
01315,방학동
01421,창동
01423,상가동
01460,창동
01466,창동
01461,창동
01481,창동
01487,창동
01417,창동
01416,상가동
01417,창동
01410,창동
01489,창동
01411,창동
01409,201동~209동
01403,창동
01402,창동
01402,창동
01424,창동
132907,창동
01453,창동
01475,창동
01489,창동
01431,쌍문동
01464,창동
01416,상가동
01461,창동
132773,
01350,방학동
01398,창동
132749,
01421,창동
01310,도봉동
01351,방학동
01404,창동
01421,창동
01342,방학동
01422,101동~118동
01380,쌍문동
01330,도봉동
01318,도봉동
132757,
132733,창동
01318,도봉동
01478,창동
132841,방학동
01359,방학동
01421,창동
01367,쌍문동
01474,창동
01388,쌍문동
132844,방학동
01393,쌍문동
01387,방학동
01460,창동
02436,휘경동
02608,답십리동
02426,이문동
02454,회기동
02432,휘경동
02423,이문동
02564,용두동
02519,장안동
02598,답십리동
02410,이문동
02638,"101동~120동,제상가1동~2동"
02569,제기동
02544,전농동
02448,이문동
02521,장안동
02437,휘경동
02428,이문동
02407,201동
02610,답십리동
02535,답십리동
02553,전농동
02601,답십리동
02612,108동~110동
02478,제기동
02511,휘경동
02613,"101동~109동,112동~113동"
02598,답십리동
02577,용두동
02451,이문동
02624,장안동
02526,장안동
02637,장안동
02532,전농동
02402,
02402,
02512,전농동
02516,장안동
02607,답십리동
02607,답십리동
02477,제기동
02624,장안동
02638,"101동~120동,제상가1동~2동"
02407,201동
02404,이문동
02638,"101동~120동,제상가1동~2동"
02532,전농동
02535,답십리동
02635,장안동
02487,청량리동
02476,제기동
02505,전농동
02500,휘경동
02623,장안동
02581,신설동
02628,장안동
02496,휘경동
02469,청량리동
02569,제기동
02460,회기동
02526,장안동
02423,이문동
02598,답십리동
02513,휘경동
02513,휘경동
02639,장안동
02441,이문동
02524,장안동
02525,장안동
02461,청량리동
02461,청량리동
02533,"1동~3동,5동~13동"
02429,이문동
02508,전농동
02484,청량리동
02584,용두동
02474,제기동
02508,전농동
02625,장안동
02558,전농동
02467,"101동~112동,상가동"
02639,장안동
02479,제기동
02639,장안동
02411,이문동
02407,201동
02615,답십리동
02606,답십리동
02577,용두동
02562,용두동
02578,용두동
02535,답십리동
02606,답십리동
02620,답십리동
02464,청량리동
02427,이문동
02406,이문동
02422,이문동
02422,이문동
02467,"101동~112동,상가동"
02407,201동
02407,201동
02527,장안동
02643,장안동
02643,장안동
130719,
02638,"101동~120동,제상가1동~2동"
02644,장안동
02548,전농동
02512,전농동
02409,이문동
02616,답십리동
02452,이문동
02487,청량리동
02587,용두동
02536,201동~202동상가2동
02586,신설동
02592,답십리동
02524,장안동
02575,제기동
02550,전농동
02642,장안동
02592,답십리동
130839,장안동
02616,답십리동
02642,장안동
02625,장안동
02422,이문동
02455,청량리동
02449,이문동
02467,"101동~112동,상가동"
02524,장안동
130864,제기동
02490,청량리동
02623,장안동
02594,전농동
02512,전농동
02512,전농동
02533,"1동~3동,5동~13동"
02606,답십리동
02567,용두동
02567,용두동
02521,장안동
02547,전농동
02435,휘경동
02453,회기동
02512,전농동
02445,휘경동
02496,휘경동
02593,답십리동
02583,용두동
06967,상도동
07043,상도동
07071,신대방동
06971,상도1동
06914,노량진동
156718,
06914,노량진동
07066,신대방동
06945,대방동
06969,상도1동
06942,대방동
06936,노량진동
06924,노량진동
06919,상도1동
07029,사당동
06945,대방동
07010,사당동
06920,"102동~103동,701동~703동"
07033,상도1동
07064,신대방동
07004,사당동
07005,사당동
06937,노량진동
06990,사당동
06942,대방동
07011,사당동
06998,사당동
06989,사당동
06961,상도동
06965,상도1동
06908,본동
07045,상도동
06937,노량진동
06960,상도동
07073,신대방동
07026,상도동
07032,상도1동
06990,사당동
07012,사당동
07030,사당동
06981,흑석동
06939,대방동
06945,대방동
07062,신대방동
06902,노량진동
07033,상도1동
06995,동작동
07061,신대방동
07026,상도동
06917,노량진동
06990,사당동
06981,흑석동
07051,상도동
06919,상도1동
156051,
06935,노량진동
07057,신대방동
06918,본동
07011,사당동
06943,대방동
07066,신대방동
06962,상도동
156020,대방동
06928,노량진동
156843,상도동
06948,대방동
06968,상도1동
06991,사당동
06976,흑석동
156836,상도1동
07011,사당동
07031,사당동
06910,흑석동
06965,상도1동
06977,상도동
156815,사당동
07070,신대방동
07020,사당동
07005,사당동
156033,
06964,상도동
07054,신대방동
07063,신대방동
156768,
156051,
06921,노량진동
07010,사당동
07052,상도동
06977,상도동
156032,
06968,상도1동
06967,상도동
06951,상도동
07072,신대방동
07029,사당동
07061,신대방동
06908,본동
06949,상도동
156031,상도1동
156701,노량진동
07064,신대방동
07027,상도동
06920,"102동~103동,701동~703동"
156846,상도동
07050,상도동
07037,상도동
07014,사당동
07067,신대방동
156091,
07003,사당동
06969,상도1동
07039,상도동
156811,대방동
06996,사당동
156070,흑석동
07050,상도동
06904,본동
07029,사당동
07047,상도동
06927,노량진동
07054,신대방동
07028,사당동
06978,상도동
07060,신대방동
07049,상도동
06985,흑석동
06974,흑석동
06959,상도동
156031,상도1동
06935,노량진동
06992,동작동
06986,흑석동
06968,상도1동
07015,사당동
06997,사당동
06939,대방동
07046,상도동
06945,대방동
06917,노량진동
06966,상도동
06994,동작동
07058,신대방동
06977,상도동
07034,상도동
06970,상도1동
06994,동작동
156010,신대방동
156846,상도동
07049,상도동
06954,가동
07071,신대방동
156834,상도1동
06979,흑석동
06972,흑석동
03930,상암동
04093,구수동
04026,합정동
04143,공덕동
03925,상암동
03926,상암동
03925,상암동
03925,상암동
03926,상암동
04013,망원동
03995,동교동
04159,대흥동
04156,도화동
04022,합정동
04145,공덕동
04185,공덕동
03906,상암동
04056,동교동
04018,망원동
04171,도화동
04127,염리동
04166,용강동
04057,노고산동
04105,대흥동
03933,중동
03977,성산동
04153,"101동~114동,201동~202동"
03950,중동
03939,성산동
121850,성산동
04018,망원동
121821,망원동
04209,공덕동
04007,망원동
03939,성산동
03911,상암동
04102,노고산동
03925,상암동
04022,합정동
04105,대흥동
04089,신수동
04111,대흥동
04161,용강동
04019,합정동
121887,합정동
04181,도화동
04169,도화동
04047,서교동
121811,대흥동
121781,
04025,합정동
04204,"101동~109동,상가동"
04179,"5동~13동,15동~17동"
04161,용강동
04064,101동~111동
04064,101동~111동
03955,망원동
121869,연남동
03937,성산동
04166,용강동
03905,상암동
03905,상암동
04170,"101동~112동,114동"
04051,동교동
04207,공덕동
04207,공덕동
04127,염리동
04139,염리동
03959,망원동
04170,"101동~112동,114동"
121824,망원동
03968,성산동
121862,아현동
04129,아현동
03922,상암동
04161,용강동
04139,염리동
04139,염리동
04142,공덕동
121762,
04164,마포동
04188,신공덕동
04132,공덕동
04132,공덕동
04187,신공덕동
04139,염리동
04131,공덕동
04131,공덕동
04074,당인동
03930,상암동
03905,상암동
03930,상암동
03913,101동~106동
03902,상암동
03906,상암동
03920,상암동
121829,상수동
03990,연남동
121220,
04065,창전동
04065,창전동
04065,창전동
04029,서교동
04002,서교동
04118,아현동
03930,상암동
04034,서교동
121868,연남동
04008,망원동
04090,대흥동
04011,망원동
03968,성산동
03978,성산동
03953,상가동
04088,신수동
03946,성산동
03953,상가동
04090,대흥동
121829,상수동
121888,합정동
04193,신공덕동
04189,신공덕동
04091,신수동
04088,신수동
04213,공덕동
121855,신수동
04057,노고산동
04139,염리동
04108,노고산동
04178,마포동
03960,망원동
03959,망원동
03959,망원동
04069,창전동
121859,아현동
04113,아현동
121270,상암동
04208,공덕동
121839,서교동
03904,상암동
03904,상암동
121845,성산동
03975,연남동
04183,공덕동
03989,연남동
04139,염리동
121870,염리동
04123,염리동
121781,
04092,구수동
04065,창전동
04129,아현동
121821,망원동
121859,아현동
04103,노고산동
03968,성산동
03921,상암동
03921,상암동
04076,상수동
04076,상수동
03915,상암동
03902,상암동
03902,상암동
121808,대흥동
04133,공덕동
03988,연남동
04162,용강동
121877,중동
04065,창전동
04202,아현동
03945,101동~110동
04028,합정동
03912,상암동
04084,합정동
03911,상암동
03941,성산동
03908,상암동
03977,성산동
04176,마포동
04007,망원동
03939,성산동
03961,망원동
03935,성산동
04099,창전동
121772,
03946,성산동
03935,성산동
03935,성산동
04024,합정동
04153,"101동~114동,201동~202동"
03915,상암동
04129,아현동
04074,당인동
121820,망원동
121823,망원동
04147,공덕동
04011,망원동
04015,망원동
03908,상암동
04011,망원동
04011,망원동
04083,합정동
04121,염리동
121845,성산동
03981,연남동
04129,아현동
121880,창전동
04060,101동~110동
04144,공덕동
121826,망원동
03692,남가좌동
03714,북가좌동
03737,
03739,미근동
03646,홍제동
120121,
120101,
120796,
03689,남가좌동
03745,냉천동
03690,남가좌동
120093,
120824,연희동
120825,연희동
03611,홍은동
03769,북아현동
03711,남가좌동
03783,창천동
120836,창천동
03759,대신동
03743,"101동~108동,상가동"
03711,남가좌동
03747,북아현동
120190,북아현동
03671,남가좌동
03670,남가좌동
03648,홍은동
03743,"101동~108동,상가동"
03781,연희동
03670,남가좌동
03646,홍제동
03674,남가좌동
03709,북가좌동
120846,홍은동
120846,홍은동
03630,홍제동
03768,북아현동
03769,북아현동
03769,북아현동
03747,북아현동
03709,북가좌동
03612,상가A동
03751,북아현동
120100,홍은동
03660,연희동
03689,남가좌동
03678,북가좌동
03711,남가좌동
03743,"101동~108동,상가동"
03600,홍은동
03700,연희동
120806,남가좌동
03753,북아현동
03685,북가좌동
03721,대신동
03694,남가좌동
120814,북가좌동
03771,북아현동
03631,홍제동
03697,연희동
03746,냉천동
120091,
03711,남가좌동
03749,북아현동
03758,북아현동
03669,북가좌동
03632,홍제동
03722,대신동
120801,남가좌동
03661,연희동
03707,연희동
03677,북가좌동
03670,남가좌동
03680,북가좌동
03737,
03635,201동
03725,연희동
03668,북가좌동
03665,남가좌동
120102,
03617,홍제동
03673,남가좌동
03762,북아현동
03622,홍제동
03601,홍은동
03686,"101동~114동,201동~202동"
120814,북가좌동
120819,북아현동
03769,북아현동
03602,홍은동
120803,
03748,북아현동
03695,연희동
03675,남가좌동
03642,홍제동
03723,연희동
03768,북아현동
03667,북가좌동
03701,연희동
03710,남가좌동
03625,홍제동
03709,북가좌동
03743,"101동~108동,상가동"
03625,홍제동
03648,홍은동
03686,"101동~114동,201동~202동"
03686,"101동~114동,201동~202동"
03689,남가좌동
03633,홍제동
03638,홍제동
03661,연희동
03658,홍은동
03629,홍제동
03619,홍제동
03665,남가좌동
03669,북가좌동
06761,방배동
06707,방배동
06763,우면동
06772,양재동
06734,서초동
137787,
06533,반포동
06642,서초동
06514,잠원동
06579,반포동
06777,양재동
137840,방배동
06762,양재동
06555,방배동
06505,반포동
06761,방배동
06505,반포동
06801,내곡동
06522,잠원동
06504,반포동
06783,양재동
137899,양재동
137788,
06762,양재동
137808,반포동
06764,우면동
137786,
06768,우면동
06641,서초동
06713,서초동
06525,잠원동
06597,반포동
06509,잠원동
137907,잠원동
06764,우면동
06670,서초동
06796,내곡동
06751,양재동
06594,서초동
06595,서초동
06534,반포동
06536,반포동
06575,반포동
06592,반포동
06544,반포동
137756,반포동
137811,반포동
06547,반포동
06547,반포동
06555,방배동
06760,방배동
06680,방배동
06679,방배동
06713,서초동
06630,5동~8동
137813,반포동
06515,잠원동
137160,신원동
06544,반포동
06765,우면동
06679,방배동
06509,잠원동
06563,방배동
06765,우면동
06622,서초동
06798,신원동
06756,서초동
06677,방배동
06620,서초동
06620,서초동
06768,우면동
06800,내곡동
06638,서초동
06696,방배동
06690,방배동
06599,반포동
06629,서초동
06625,서초동
06608,서초동
06770,양재동
06755,양재동
06533,반포동
06509,잠원동
06509,잠원동
06502,반포동
06502,반포동
06598,반포동
06664,방배동
06703,방배동
06560,방배동
06588,방배동
06706,방배동
06655,서초동
06639,서초동
06632,서초동
06768,우면동
06670,서초동
06601,서초동
06608,서초동
06610,111동~115동
06603,서초동
06630,5동~8동
06593,반포동
06767,우면동
06516,잠원동
06516,잠원동
06508,잠원동
06521,잠원동
06764,우면동
06802,신원동
06503,반포동
06503,반포동
06503,반포동
06781,양재동
06791,양재동
06624,1동~3동
06503,반포동
06529,잠원동
06518,잠원동
06800,내곡동
06798,신원동
06798,신원동
06802,신원동
06802,신원동
06567,방배동
06765,우면동
06764,우면동
06764,우면동
06577,반포동
06572,방배동
06504,반포동
06677,방배동
06593,반포동
06730,서초동
06734,서초동
06509,잠원동
06800,내곡동
06602,서초동
06798,신원동
06670,서초동
06642,서초동
06742,양재동
06703,방배동
06638,서초동
06681,방배동
06562,방배동
06556,104동~105동
06733,서초동
06698,방배동
06802,신원동
06778,양재동
06629,서초동
137848,방배동
06765,우면동
06708,서초동
06800,내곡동
137816,방배동
06762,양재동
06564,방배동
06800,내곡동
06565,방배동
06676,방배동
06515,잠원동
06767,우면동
06786,양재동
06737,101동
06737,101동
06784,양재동
06794,내곡동
06794,내곡동
06780,양재동
06785,양재동
06705,방배동
06521,잠원동
06739,양재동
06768,우면동
06603,서초동
06641,서초동
06636,서초동
06726,서초동
06509,잠원동
06527,잠원동
06518,잠원동
06521,잠원동
06697,방배동
06518,잠원동
137844,방배동
06802,신원동
06806,원지동
06519,잠원동
06672,방배동
06767,우면동
06764,우면동
06767,우면동
137797,잠원동
06678,방배동
06768,우면동
06610,111동~115동
06744,양재동
06642,서초동
06642,서초동
06801,내곡동
137950,잠원동
06798,신원동
06762,양재동
06563,방배동
06762,양재동
06567,방배동
06509,잠원동
137844,방배동
06529,잠원동
04707,도선동
04774,
04800,송정동
04775,
04713,행당동
04792,
04734,옥수동
04776,
04741,응봉동
04732,옥수동
04721,
04719,
04738,
04726,
04731,
04718,
04722,
04728,
04729,
04711,하왕십리동
04701,상왕십리동
04804,용답동
04721,
04707,도선동
04733,
04747,응봉동
04724,
04733,
04728,
04757,마장동
04753,상가동
04731,
04731,
133846,옥수동
04711,하왕십리동
04718,
04773,
04728,
04761,마장동
04704,마장동
04765,
04745,행당동
04737,
04775,
04704,마장동
04795,
04794,
04795,
04792,
04780,
04776,
04788,
04701,상왕십리동
04701,상왕십리동
04701,상왕십리동
04801,송정동
04800,송정동
04711,하왕십리동
04722,
04701,상왕십리동
04736,옥수동
04707,도선동
04750,행당동
04714,하왕십리동
04806,송정동
04714,하왕십리동
04745,행당동
04742,응봉동
04727,
04774,
04702,상왕십리동
04700,상왕십리동
04773,
04712,하왕십리동
04768,
04745,행당동
04717,행당동
04716,행당동
04746,행당동
04719,
04700,상왕십리동
04743,
04741,응봉동
04732,옥수동
04755,마장동
04711,하왕십리동
04728,
04718,
04734,옥수동
04805,용답동
04753,상가동
04747,응봉동
04713,행당동
133775,
04713,행당동
04768,
04775,
04710,하왕십리동
04710,하왕십리동
04720,응봉동
04717,행당동
04776,
04733,
133846,옥수동
04790,
133852,응봉동
133845,옥수동
04721,
04703,하왕십리동
133094,
133022,
133757,송정동
04806,송정동
04740,
04717,행당동
04728,
04704,마장동
04726,
04757,마장동
04701,상왕십리동
04789,
133816,마장동
04801,송정동
04777,
04786,
04797,
04714,하왕십리동
04778,101동~104동
04720,응봉동
04708,도선동
04721,
04716,행당동
04746,행당동
04739,옥수동
04718,
04799,
04739,옥수동
04734,옥수동
04753,상가동
04737,
04718,
04717,행당동
04776,
04805,용답동
04781,
133849,용답동
04776,
04718,
04791,
04707,도선동
04727,
04768,
04717,행당동
04761,마장동
04703,하왕십리동
04728,
04775,
04715,하왕십리동
04718,
04734,옥수동
133759,
04740,
04740,
04702,상왕십리동
04713,행당동
04738,
04738,
04763,사근동
133777,
04718,
04746,행당동
04800,송정동
04738,
04720,응봉동
04768,
04780,
02812,정릉동
02792,하월곡동
02798,"101동~107동,상가동"
02863,
02798,"101동~107동,상가동"
02723,401동~426동
02853,
02841,
02841,
02765,장위동
02755,장위동
02708,정릉동
02760,장위동
02702,정릉동
02807,돈암동
136807,길음동
02724,501동~511동
136801,길음동
02721,길음동
02714,길음동
02767,장위동
02702,정릉동
02798,"101동~107동,상가동"
02807,돈암동
02756,장위동
02819,정릉동
02719,정릉동
02802,돈암동
02802,돈암동
02725,길음동
02765,장위동
02726,길음동
02820,돈암동
02757,101동~105동
02716,정릉동
136761,
02787,석관동
02749,하월곡동
02832,
02783,석관동
02714,길음동
02812,정릉동
02779,장위동
02831,돈암동
02742,장위동
02743,장위동
02849,
02753,상월곡동
02723,401동~426동
02715,"701동~707동,상가동"
02714,길음동
02831,돈암동
136055,
02829,돈암동
02844,돈암동
02828,돈암동
02828,돈암동
02787,석관동
02806,돈암동
02830,돈암동
02726,길음동
02726,길음동
02753,상월곡동
02716,정릉동
02753,상월곡동
02750,하월곡동
02750,하월곡동
02715,"701동~707동,상가동"
02793,상월곡동
02712,정릉동
02712,정릉동
02720,801동~825동
02794,하월곡동
02760,장위동
02721,길음동
02804,종암동
02804,종암동
02790,석관동
02790,석관동
02721,길음동
136733,종암동
02741,하월곡동
02794,하월곡동
02757,101동~105동
136815,석관동
02771,장위동
02769,장위동
02831,돈암동
02739,하월곡동
02748,상월곡동
02736,하월곡동
136110,길음동
02720,801동~825동
02827,돈암동
02721,길음동
02721,길음동
02880,성북동
136132,
02723,401동~426동
02787,석관동
02714,길음동
136849,정릉동
02702,정릉동
02766,장위동
02873,
02873,
02709,정릉동
02741,하월곡동
02750,하월곡동
02750,하월곡동
02798,"101동~107동,상가동"
02739,하월곡동
02748,상월곡동
02735,길음동
02868,
02863,
02877,
136041,
02875,
02875,
02790,석관동
02794,하월곡동
02807,돈암동
02807,돈암동
136054,
02756,장위동
02803,종암동
02754,장위동
02780,석관동
136820,석관동
02816,정릉동
02803,종암동
136858,종암동
136085,
02781,석관동
02798,"101동~107동,상가동"
02730,길음동
02796,종암동
02848,
02712,정릉동
02834,
02769,장위동
136845,정릉동
02753,상월곡동
02741,하월곡동
02717,정릉동
02737,하월곡동
02741,하월곡동
02871,
02817,돈암동
02757,101동~105동
02874,
02805,종암동
02821,돈암동
02714,길음동
02719,정릉동
02709,정릉동
02799,종암동
02794,하월곡동
02810,종암동
02810,종암동
02748,상월곡동
02855,
02853,
02858,
02843,
136794,
136110,길음동
02753,상월곡동
02832,
02844,돈암동
02718,정릉동
136839,장위동
02713,정릉동
02750,하월곡동
02801,돈암동
02742,장위동
136041,
02723,401동~426동
02798,"101동~107동,상가동"
136071,
02798,"101동~107동,상가동"
02831,돈암동
02864,
02708,정릉동
136132,
02723,401동~426동
02804,종암동
02721,길음동
02701,정릉동
02701,정릉동
02751,하월곡동
02741,하월곡동
02741,하월곡동
136131,하월곡동
02749,하월곡동
02721,길음동
136733,종암동
02763,장위동
02828,돈암동
02791,상월곡동
02759,장위동
02759,장위동
02762,장위동
02774,장위동
02754,장위동
02766,장위동
02744,장위동
02744,장위동
02781,석관동
02744,장위동
02769,장위동
02756,장위동
02815,정릉동
02718,정릉동
02717,정릉동
02719,정릉동
02812,정릉동
136775,정릉동
02818,정릉동
02818,정릉동
02702,정릉동
02709,정릉동
02862,
02746,장위동
02754,장위동
02804,종암동
02804,종암동
02754,장위동
136827,장위동
02719,정릉동
02798,"101동~107동,상가동"
136826,장위동
136833,장위동
02789,석관동
02797,종암동
02803,종암동
02797,종암동
02797,종암동
02726,길음동
02757,101동~105동
02814,정릉동
02828,돈암동
02828,돈암동
02863,
02741,하월곡동
02780,석관동
136143,
02712,정릉동
136104,
02755,장위동
02871,
02759,장위동
02702,정릉동
02755,장위동
136833,장위동
02813,정릉동
02760,장위동
02788,석관동
02788,석관동
02768,장위동
02844,돈암동
02842,
02831,돈암동
136840,정릉동
02780,석관동
02813,정릉동
02724,501동~511동
02724,501동~511동
02750,하월곡동
02835,성북동
136836,장위동
02764,장위동
02801,돈암동
02802,돈암동
02798,"101동~107동,상가동"
02798,"101동~107동,상가동"
02826,돈암동
02826,돈암동
02826,돈암동
02702,정릉동
05753,마천동
05694,석촌동
05600,삼전동
05836,문정동
05822,가락동
05590,삼전동
05698,가락동
05705,"101동~105동,노인.관리동"
05698,가락동
05785,가락동
05832,가락동
05832,가락동
05698,가락동
05711,가락동
05698,가락동
05698,가락동
05744,거여동
05820,가락동
05768,거여동
05768,거여동
05771,거여동
05744,거여동
05744,거여동
05735,거여동
05779,거여동
05744,거여동
05771,거여동
05788,거여동
05788,거여동
05735,거여동
05744,거여동
05773,거여동
05785,가락동
05510,신천동
05540,방이동
05697,석촌동
05805,문정동
05700,가락동
05539,풍납동
05754,마천동
138751,가락동
05732,마천동
05555,잠실동
05853,장지동
05640,방이동
05738,오금동
05630,방이동
05532,풍납동
05748,마천동
05782,가락동
138110,거여동
05704,가락동
05527,풍납동
05853,장지동
138815,거여동
05853,장지동
05507,신천동
05634,방이동
05784,가락동
05629,방이동
138852,송파동
05734,마천동
05555,잠실동
05769,가락동
05769,가락동
05581,삼전동
05836,문정동
05792,장지동
05792,장지동
05714,가락동
05786,문정동
05785,가락동
05686,석촌동
05856,문정동
05698,가락동
05548,방이동
05742,오금동
138171,
05796,문정동
05646,방이동
05529,풍납동
05512,풍납동
05504,신천동
138830,방이동
138864,잠실동
05665,송파동
05657,오금동
05501,잠실동
05817,문정동
05673,송파동
05555,잠실동
05607,잠실동
05610,석촌동
05554,잠실동
05767,거여동
05619,송파동
05690,석촌동
05532,풍납동
05705,"101동~105동,노인.관리동"
05502,잠실동
05502,잠실동
05525,풍납동
05788,거여동
138220,
05507,신천동
05533,풍납동
05711,가락동
05724,오금동
05724,오금동
05769,가락동
05738,오금동
05738,오금동
05782,가락동
05763,마천동
05758,마천동
05761,마천동
05746,101동~103동
05853,장지동
05507,신천동
05507,신천동
05676,가락동
138171,
05555,잠실동
05642,방이동
05796,문정동
05804,문정동
05798,문정동
05797,문정동
05793,
05812,장지동
05507,신천동
138829,방이동
05629,방이동
05642,방이동
05642,방이동
05637,방이동
05633,방이동
05645,방이동
05629,방이동
05546,방이동
05812,장지동
05730,오금동
05501,잠실동
05672,송파동
05525,풍납동
05853,장지동
05631,방이동
05671,송파동
05848,장지동
05574,잠실동
05501,잠실동
138857,오금동
05813,장지동
05799,문정동
05785,가락동
05692,석촌동
05750,마천동
05812,장지동
05816,장지동
05756,마천동
05510,신천동
05794,문정동
05794,문정동
05584,삼전동
05598,삼전동
05584,삼전동
138201,
05732,마천동
05769,가락동
05825,가락동
138229,
05699,가락동
05505,풍납동
05535,풍납동
05684,석촌동
05687,석촌동
05611,석촌동
05690,석촌동
05611,석촌동
05601,삼전동
05569,잠실동
05689,석촌동
05507,신천동
05741,오금동
05668,송파동
05763,마천동
05714,가락동
05778,거여동
05527,풍납동
05807,문정동
05676,가락동
05676,가락동
05552,신천동
05721,오금동
05852,장지동
05791,"1301동~1308동,상가동"
05720,오금동
05767,거여동
05807,문정동
05849,장지동
05764,거여동
05736,거여동
05666,송파동
05848,장지동
05814,장지동
05853,장지동
05814,장지동
05669,송파동
05764,거여동
05837,문정동
05512,풍납동
05510,신천동
138820,마천동
05710,가락동
05833,가락동
05502,잠실동
05705,"101동~105동,노인.관리동"
05705,"101동~105동,노인.관리동"
05548,방이동
05706,가락동
05607,잠실동
05759,마천동
05733,마천동
05580,잠실동
05665,송파동
05786,문정동
138732,
138704,
05773,거여동
05744,거여동
05530,풍납동
138200,문정동
05748,마천동
05507,신천동
05538,풍납동
138705,
05501,잠실동
05784,가락동
05748,마천동
05688,석촌동
05785,가락동
05622,송파동
05731,오금동
05738,오금동
05728,오금동
05661,오금동
138857,오금동
05707,가락동
05760,마천동
05763,마천동
05773,거여동
05634,방이동
05506,풍납동
05537,풍납동
05735,거여동
05853,장지동
05746,101동~103동
05711,가락동
05547,방이동
05547,방이동
05792,장지동
05697,석촌동
05846,거여동
05853,장지동
05847,"1401동~1411동,상가동"
05847,"1401동~1411동,상가동"
05790,거여동
05853,장지동
05852,장지동
05853,장지동
05853,장지동
05846,거여동
05852,장지동
05848,장지동
05776,거여동
05791,"1301동~1308동,상가동"
05853,장지동
05595,삼전동
05827,가락동
05707,가락동
05627,방이동
05748,마천동
05507,신천동
05607,잠실동
05510,신천동
05607,잠실동
05607,잠실동
05507,신천동
05784,가락동
138861,잠실동
05507,신천동
05564,잠실동
05570,잠실동
05792,장지동
05740,오금동
05797,문정동
138825,문정동
05598,삼전동
05722,오금동
05507,신천동
138846,석촌동
05568,잠실동
05770,가락동
138840,삼전동
05508,신천동
05782,가락동
05823,가락동
05761,마천동
05797,문정동
05526,풍납동
05621,송파동
05567,잠실동
05813,장지동
05756,마천동
05849,장지동
138050,
05718,가락동
05593,삼전동
05853,장지동
05700,가락동
05823,가락동
05643,방이동
05834,가락동
138808,가락동
05507,신천동
05678,송파동
05528,풍납동
05813,장지동
05813,장지동
05813,장지동
05799,문정동
05792,장지동
05812,장지동
05812,장지동
05812,장지동
05815,장지동
05792,장지동
05813,장지동
05748,마천동
05507,신천동
05507,신천동
05848,장지동
05504,신천동
05856,문정동
138224,
05514,풍납동
05514,풍납동
05515,풍납동
05537,풍납동
05536,풍납동
05521,풍납동
05668,송파동
05666,송파동
138855,오금동
138808,가락동
05732,마천동
05516,풍납동
05767,거여동
05623,송파동
05684,석촌동
05813,장지동
05533,풍납동
05607,잠실동
05751,마천동
05800,문정동
05508,신천동
05805,문정동
05782,가락동
05600,삼전동
05666,송파동
05501,잠실동
05698,가락동
05698,가락동
05698,가락동
05698,가락동
05698,가락동
05698,가락동
05698,가락동
05698,가락동
05798,문정동
07900,신월동
07949,목동
07903,신월동
07903,신월동
08106,신정동
08027,신정동
08027,신정동
07963,목동
08104,신정동
08110,신정동
07900,신월동
08054,신정동
07910,신월동
08050,신정동
08061,신월동
07949,목동
08080,신월동
07960,목동
07902,신월동
07960,목동
07952,목동
07951,목동
07984,목동
07982,목동
07964,목동
07929,신월동
07940,신정동
08102,신정동
07962,목동
07941,신정동
08051,신월동
08018,신정동
08107,신정동
08078,신정동
08076,신정동
07921,신월동
08009,신정동
08071,신정동
08020,신정동
08111,"101동~107동,상가동"
08078,신정동
07987,목동
07979,목동
08072,신정동
08072,신정동
07913,신월동
08100,신정동
07943,신정동
08080,신월동
08108,신정동
07906,신월동
08024,신정동
08049,신정동
08109,신정동
08061,신월동
07902,신월동
08105,신정동
07943,신정동
07914,신월동
08045,신정동
08107,신정동
07909,신월동
08046,신정동
08014,신정동
07933,신월동
07993,목동
07929,신월동
08090,신정동
08053,신정동
07929,신월동
08061,신월동
07916,신월동
07949,목동
08080,신월동
07963,목동
08107,신정동
07931,신월동
08028,신월동
07930,신월동
07929,신월동
08037,신월동
08090,신정동
08060,신정동
08052,신정동
08086,신정동
158818,목동
08063,신월동
08063,신월동
158072,
07950,목동
07900,신월동
07924,신월동
07921,신월동
08025,신정동
07900,신월동
07911,신월동
08050,신정동
08021,신정동
08081,신월동
07960,목동
08090,신정동
07958,목동
07989,목동
07949,목동
07988,목동
08052,신정동
08077,신정동
07960,목동
07902,신월동
08097,신정동
07926,신월동
07958,목동
07929,신월동
07928,신월동
08008,"101동~105동,상가동"
158846,신월동
158093,
07912,신월동
08012,신정동
07962,목동
07918,신월동
07993,목동
07914,신월동
08038,신월동
158851,신정동
08080,신월동
08085,신정동
08037,신월동
158812,목동
07912,신월동
07913,신월동
08088,신정동
07927,"101동~102동,상가동"
08031,신월동
07960,목동
07956,목동
08089,신정동
158076,
08094,신정동
07925,신월동
08040,신월동
07979,목동
07967,목동
158091,
08097,신정동
08042,신월동
08109,신정동
08107,신정동
08007,목동
07931,신월동
08037,신월동
07945,신정동
07962,목동
08098,신정동
08042,신월동
07957,목동
08061,신월동
07936,신월동
07971,목동
08045,신정동
07971,목동
08029,신월동
08044,신월동
08094,신정동
08018,신정동
07938,신정동
07914,신월동
08030,신월동
07936,신월동
08097,신정동
08028,신월동
08037,신월동
07930,신월동
08038,신월동
08010,신정동
08063,신월동
158860,신정동
07918,신월동
158847,신월동
08109,신정동
07900,신월동
07908,신월동
08045,신정동
07975,목동
08018,신정동
07981,목동
07920,신월동
08045,신정동
07958,목동
07993,목동
08080,신월동
08031,신월동
08073,신정동
08105,신정동
07966,목동
08105,신정동
158833,신월동
08050,신정동
07958,목동
07932,신월동
07920,신월동
08017,신정동
08104,신정동
08089,신정동
07932,신월동
07986,목동
08054,신정동
08109,신정동
08031,신월동
08028,신월동
07970,목동
07993,목동
07928,신월동
08074,
07928,신월동
08070,신월동
07914,신월동
08105,신정동
08110,신정동
07940,신정동
08107,신정동
07905,신월동
08002,목동
07385,신길동
07280,
07235,여의도동
07242,여의도동
150977,
07330,여의도동
07335,여의도동
07336,여의도동
07236,여의도동
07216,
07429,대림동
07210,
07377,대림동
07223,
150781,
150900,
07233,여의도동
07350,"101동~104동,상가동"
07321,여의도동
07327,여의도동
07210,
07392,신길동
07349,신길동
150825,대림동
07431,신길동
07225,당산동
150808,
07225,당산동
150853,신길동
07423,대림동
07265,
07220,
07265,
150072,
07428,대림동
07415,대림동
150856,
07365,영등포동
07365,영등포동
07283,상가동
07373,도림동
07201,
07365,영등포동
07365,영등포동
07355,신길동
07374,도림동
07390,신길동
07292,101동~104동
07208,
07390,신길동
150762,
07210,
07215,
07423,대림동
07385,신길동
07355,신길동
150822,대림동
150847,
07368,도림동
07216,
07413,대림동
07442,대림동
07327,여의도동
07220,
07285,
07299,
07261,
07288,
07298,
07368,도림동
07201,
07355,신길동
07264,
07282,상가동
07217,
07423,대림동
07380,신길동
07388,신길동
07288,
07319,신길동
07276,
07350,"101동~104동,상가동"
07227,
150754,
07436,신길동
150822,대림동
07436,신길동
07319,신길동
07311,신길동
150822,대림동
07298,
07244,
07269,양평동
07348,신길동
07204,
07211,
150764,
07345,여의도동
07361,신길동
07437,신길동
07258,
07319,신길동
07362,신길동
07318,신길동
150841,신길동
07356,신길동
150051,
07427,대림동
07376,대림동
150825,대림동
07220,
07286,
07356,신길동
07381,대림동
07278,
07437,신길동
07437,신길동
07214,
07214,
07217,
07256,
07395,신길동
07264,
07282,상가동
07278,
07247,
07364,도림동
07206,당산동
07270,
07211,
07206,당산동
07206,당산동
07215,
07322,"3동,5동~11동"
07327,여의도동
07239,여의도동
07340,여의도동
07341,여의도동
07343,여의도동
07270,
150857,
07202,양평동
150037,
07256,
07412,대림동
07244,
07228,
07424,신길동
07287,
07251,
150044,
07388,신길동
150839,신길동
07303,
07366,영등포동
150818,대림동
07373,도림동
07430,신길동
07432,신길동
07362,신길동
07438,대림동
07318,신길동
150043,
150055,
07309,신길동
07362,신길동
150755,
07446,대림동
07433,신길동
07282,상가동
07343,여의도동
07401,대림동
07258,
07258,
07435,신길동
07204,
07378,대림동
07356,신길동
07350,"101동~104동,상가동"
07435,신길동
07356,신길동
07329,여의도동
07330,여의도동
07376,대림동
07377,대림동
07265,
150054,
07416,대림동
07416,대림동
07287,
07288,
07416,대림동
07344,여의도동
07347,신길동
07347,신길동
07365,영등포동
07414,대림동
07405,신길동
07226,당산동
07219,
07395,신길동
07245,
07362,신길동
150805,
150907,
150797,
07360,신길동
07242,여의도동
07321,여의도동
07238,여의도동
07204,
07204,
07325,여의도동
07390,신길동
07419,대림동
07392,신길동
07411,1동~3동
07295,
150053,
07377,대림동
07377,대림동
07211,
07212,
07443,대림동
150824,대림동
04323,동자동
04419,한남동
04409,한남동
04383,
04383,
04397,동빙고동
04315,문배동
04358,산천동
04318,효창동
04356,도원동
04356,도원동
04363,신창동
04316,
04398,201동~210동
04332,후암동
04381,이촌동
04311,
04358,산천동
04336,후암동
04312,
04312,
140901,후암동
04415,보광동
04343,이태원동
04413,보광동
04368,문배동
04351,이태원동
04375,
04378,
04323,동자동
04354,도원동
04300,서계동
04398,201동~210동
140847,
04360,산천동
04362,
04344,이태원동
140727,
04339,
04310,
04427,이촌동
04368,문배동
04374,이촌동
04300,서계동
04348,한남동
04358,산천동
04379,
04336,후암동
04336,후암동
04397,동빙고동
04336,후암동
04336,후암동
04313,
04363,신창동
04316,
04390,이태원동
04375,
04386,
04317,효창동
04314,
04363,신창동
04365,
04420,한남동
04374,이촌동
04349,이태원동
04351,이태원동
04324,동자동
140840,
04338,
04346,이태원동
04356,도원동
04398,201동~210동
04307,
04309,
04416,보광동
04317,효창동
04316,
04381,이촌동
04307,
04405,이태원동
04335,갈월동
04307,
04422,
04360,산천동
04338,
04306,
04368,문배동
04381,이촌동
04411,보광동
04319,효창동
04355,용문동
04332,후암동
04335,갈월동
03364,불광동
03356,불광동
03306,진관동
03483,응암동
03301,진관동
03330,갈현동
03339,불광동
03426,구산동
03428,구산동
03332,갈현동
03425,구산동
03411,구산동
03300,진관동
03309,진관동
03300,진관동
03382,녹번동
03301,진관동
03328,갈현동
03446,신사동
03469,401동~413동
03382,녹번동
03370,녹번동
03366,1101동~1111동
03459,녹번동
03393,대조동
03427,구산동
03490,수색동
03487,수색동
03476,응암동
03469,401동~413동
03372,녹번동
03351,불광동
03348,불광동
03446,신사동
03366,1101동~1111동
03319,갈현동
03425,구산동
03303,706동~708동
03470,응암동
03308,진관동
03422,신사동
03440,신사동
03391,대조동
03311,진관동
03418,역촌동
03404,역촌동
03302,진관동
03392,대조동
03311,진관동
03303,706동~708동
03403,역촌동
03456,응암동
03494,101동
03474,응암동
03462,응암동
03477,응암동
03472,응암동
03418,역촌동
03302,진관동
03357,불광동
03403,역촌동
03369,녹번동
03406,역촌동
03304,진관동
03432,신사동
03467,응암동
03339,불광동
03414,구산동
03426,구산동
03301,진관동
03301,진관동
03355,불광동
122733,
03428,구산동
122881,신사동
03443,신사동
03301,진관동
03366,1101동~1111동
03420,역촌동
122010,
03420,역촌동
03464,응암동
03499,증산동
03467,응암동
03374,녹번동
03438,신사동
122952,응암동
03459,녹번동
122830,녹번동
122829,녹번동
03391,대조동
03302,진관동
122887,신사동
122898,역촌동
03325,갈현동
122010,
03393,대조동
03467,응암동
03357,불광동
03310,진관동
122867,불광동
03381,녹번동
03434,신사동
03304,진관동
03470,응암동
03489,수색동
03444,신사동
03426,구산동
03419,역촌동
03499,증산동
122882,신사동
03483,응암동
03322,갈현동
03477,응암동
03475,응암동
03356,불광동
122902,역촌동
03311,진관동
03303,706동~708동
03496,증산동
03322,갈현동
03474,응암동
03349,불광동
03363,불광동
03432,신사동
03467,응암동
03304,진관동
03303,706동~708동
03444,신사동
122912,응암동
03354,불광동
03457,응암동
03470,응암동
03443,신사동
03351,불광동
03380,녹번동
03391,대조동
03322,갈현동
03497,증산동
03303,706동~708동
122877,수색동
03419,역촌동
03306,진관동
03414,구산동
03403,역촌동
03473,응암동
03446,신사동
03450,신사동
03423,신사동
03450,신사동
03446,신사동
122810,갈현동
122011,
03469,401동~413동
03496,증산동
03477,응암동
122919,응암동
03498,증산동
03466,응암동
03302,진관동
03311,진관동
03502,수색동
03319,갈현동
03395,대조동
03427,구산동
122081,
03473,응암동
122905,응암동
03399,역촌동
03405,역촌동
03343,불광동
03340,불광동
03358,불광동
03305,529동~542동
03311,진관동
03432,신사동
122902,역촌동
03477,응암동
03302,진관동
03471,응암동
122834,녹번동
03389,대조동
03477,응암동
122910,응암동
03472,응암동
122901,역촌동
03395,대조동
122859,불광동
122704,
03493,증산동
03497,증산동
03406,역촌동
03378,녹번동
03462,응암동
03454,응암동
03308,진관동
03315,갈현동
03328,갈현동
03476,응암동
122919,응암동
03481,응암동
122012,
03453,응암동
03481,응암동
122950,
122834,녹번동
03335,갈현동
03403,역촌동
03306,진관동
03335,갈현동
03451,신사동
03454,응암동
03303,706동~708동
122755,
03391,대조동
03493,증산동
03303,706동~708동
03310,진관동
03310,진관동
03306,진관동
03309,진관동
03313,갈현동
122013,
03357,불광동
03415,역촌동
03357,불광동
122947,대조동
03426,구산동
03314,갈현동
03429,구산동
03370,녹번동
03425,구산동
03425,구산동
122891,신사동
03304,진관동
03302,진관동
122876,수색동
03499,증산동
03419,역촌동
122846,불광동
03367,불광동
03367,불광동
122908,응암동
03328,갈현동
03393,대조동
03328,갈현동
03329,갈현동
03476,응암동
122200,진관동
03306,진관동
122882,신사동
03465,101동~105동
03420,역촌동
122919,응암동
03406,역촌동
03311,진관동
122041,
03362,불광동
03475,응암동
122909,응암동
03159,
03175,내수동
03082,연건동
03184,
03160,공평동
03128,연지동
03188,서린동
03187,서린동
03115,숭인동
03056,가회동
03053,삼청동
03165,교북동
03180,교남동
03166,사직동
03176,사직동
03012,구기동
03013,구기동
03106,창신동
03091,창신동
03091,창신동
03056,가회동
03037,누상동
03180,교남동
03088,동숭동
03025,112동
03025,112동
03156,청진동
03184,
03060,안국동
03025,112동
03065,
03047,궁정동
03047,궁정동
03024,무악동
03072,와룡동
03019,신영동
03039,누하동
03129,연지동
03049,삼청동
03016,홍지동
03169,내자동
03085,동숭동
03151,수송동
03171,
03171,
03097,창신동
03034,누상동
03108,숭인동
03094,창신동
03174,내수동
03055,가회동
03021,부암동
03128,연지동
03128,연지동
03076,혜화동
110012,평창동
110816,부암동
03131,와룡동
03025,112동
03173,내수동
03009,평창동
03073,
03113,숭인동
03105,창신동
03089,창신동
03120,창신동
03031,신교동
03130,인의동
03139,낙원동
03099,이화동
03182,당주동
03058,계동
03176,사직동
03084,동숭동
03033,신교동
110490,
04637,
04538,
04539,수하동
04637,
04506,중림동
04614,
04578,신당동
04539,수하동
04595,신당동
04516,서소문동
04516,서소문동
04604,신당동
100859,
04576,신당동
04584,신당동
04572,황학동
04501,
04582,신당동
04502,
04516,서소문동
04538,
04595,신당동
04523,
04572,황학동
100826,
04515,서소문동
04544,산림동
04583,신당동
04610,신당동
04598,신당동
04608,신당동
04590,신당동
04542,수표동
04542,수표동
04596,신당동
04597,신당동
04552,
04521,다동
100091,
04539,수하동
04546,방산동
04619,묵정동
100781,
100781,
100781,
04508,
100828,
04592,신당동
04618,묵정동
04595,신당동
04548,예관동
04626,예장동
04583,신당동
04525,소공동
04527,
04633,
02252,면목동
02048,상봉동
02232,면목동
02057,501동~503동
02175,망우동
02209,면목동
02176,망우동
02131,면목동
02131,면목동
02055,신내동
02175,망우동
02241,면목동
02064,망우동
02263,신내동
02180,망우동
02121,상봉동
02041,묵동
02230,면목동
131830,면목동
02067,401동~404동
02180,망우동
131820,면목동
02019,묵동
02028,신내동
02179,망우동
02065,망우동
02225,면목동
02131,면목동
02021,묵동
02243,면목동
02230,면목동
02257,1동~4동
02157,면목동
02222,면목동
02086,망우동
02081,상봉동
02045,묵동
02177,망우동
02166,망우동
131787,
02128,면목동
02026,신내동
02167,망우동
02007,묵동
02217,면목동
02044,상봉동
02252,면목동
02226,
02013,묵동
02139,상봉동
02154,상봉동
02081,상봉동
131132,
02249,면목동
02176,망우동
02226,
02025,신내동
02058,신내동
02053,501동
02192,면목동
02192,면목동
02054,신내동
02191,면목동
02071,신내동
131882,중화동
02102,중화동
02092,상봉동
02053,501동
02070,신내동
02025,신내동
02076,신내동
02175,망우동
02080,상봉동
02080,상봉동
02069,신내동
131768,
02068,신내동
02157,면목동
131763,
02004,묵동
02025,신내동
02060,망우동
02094,중화동
02015,중화동
02037,묵동
131765,
02028,신내동
131851,묵동
02041,묵동
02233,면목동
02095,중화동
02133,면목동
02133,면목동
02039,묵동
02054,신내동
02212,면목동
02084,상봉동
02054,신내동
02237,면목동
02201,면목동
02068,신내동
02068,신내동
02055,신내동
02231,면목동
02034,묵동
02250,면목동
02076,신내동
02069,신내동
02069,신내동
02069,신내동
131813,면목동
02003,묵동
02003,묵동
02022,묵동
02075,상봉동
02258,101동~104동
02020,묵동
02020,묵동
02139,상봉동
131802,망우동
02055,신내동
02063,망우동
02067,401동~404동
02067,401동~404동
02137,상봉동
02027,신내동
02207,면목동
02080,상봉동
02220,면목동
131821,면목동
02063,망우동
02063,망우동
02063,망우동
02241,면목동
02053,501동
02258,101동~104동
131881,중화동
02188,망우동
02015,중화동
02095,중화동
02205,면목동
02028,신내동
02054,신내동
131203,
02173,망우동
02050,중화동
02043,신내동
02026,신내동
