"시군구별",2000,2000,2001,2001,2002,2002,2003,2003,2004,2004,2005,2005,2006,2006,2007,2007,2008,2008,2009,2009,2010,2010,2011,2011,2012,2012,2013,2013,2014,2014,2015,2015,2016,2016,2017,2017,2018,2018,2019,2019,2020,2020,2021,2021,2022,2022,2023,2023
"시군구별",출생아수,합계출산율,출생아수,합계출산율,출생아수,합계출산율,출생아수,합계출산율,출생아수,합계출산율,출생아수,합계출산율,출생아수,합계출산율,출생아수,합계출산율,출생아수,합계출산율,출생아수,합계출산율,출생아수,합계출산율,출생아수,합계출산율,출생아수,합계출산율,출생아수,합계출산율,출생아수,합계출산율,출생아수,합계출산율,출생아수,합계출산율,출생아수,합계출산율,출생아수,합계출산율,출생아수,합계출산율,출생아수,합계출산율,출생아수,합계출산율,출생아수,합계출산율,출생아수,합계출산율
"전국",640089,1.480,559934,1.309,496911,1.178,495036,1.191,476958,1.164,438707,1.085,451759,1.132,496822,1.259,465892,1.192,444849,1.149,470171,1.226,471265,1.244,484550,1.297,436455,1.187,435435,1.205,438420,1.239,406243,1.172,357771,1.052,326822,0.977,302676,0.918,272337,0.837,260562,0.808,249186,0.778,230028,0.721
"서울특별시",133154,1.275,114764,1.111,102008,1.006,101227,1.014,99828,1.015,90468,0.932,93922,0.980,101249,1.068,94736,1.010,89594,0.962,93266,1.015,91526,1.014,93914,1.059,84066,0.968,83711,0.983,83005,1.001,75536,0.940,65389,0.836,58074,0.761,53673,0.717,47445,0.642,45531,0.626,42602,0.593,39456,0.552
"종로구",1939,1.097,1683,0.972,1453,0.869,1404,0.880,1296,0.846,1143,0.778,1139,0.811,1204,0.879,1176,0.857,1095,0.796,1107,0.837,1103,0.860,1100,0.890,873,0.729,905,0.790,906,0.813,846,0.784,689,0.646,644,0.606,673,0.648,529,0.522,528,0.531,464,0.477,396,0.406
"중구",1625,1.225,1577,1.102,1409,1.018,1203,0.913,1260,0.997,1096,0.903,1122,0.942,1276,1.084,1141,0.978,1052,0.921,1170,1.055,1105,1.017,1215,1.121,1022,0.955,1041,1.004,950,0.946,959,0.974,808,0.824,733,0.737,783,0.780,690,0.688,627,0.634,587,0.606,534,0.534
"용산구",3073,1.233,2749,1.105,2268,0.937,2226,0.951,2261,0.989,2041,0.906,2161,0.965,2449,1.081,2332,1.017,2159,0.939,2312,1.017,2309,1.039,2411,1.098,2129,1.008,1976,0.978,1967,1.005,1708,0.907,1464,0.793,1377,0.747,1314,0.713,1176,0.634,1234,0.664,1110,0.596,1012,0.547
"성동구",4885,1.342,4306,1.194,3917,1.097,3864,1.100,3685,1.066,3368,0.985,3459,1.035,3762,1.154,3372,1.091,2823,0.971,2886,1.029,2776,1.026,2835,1.077,2838,1.079,2654,1.027,2753,1.095,2531,1.013,2462,0.972,2346,0.909,2191,0.855,1945,0.783,1833,0.764,1690,0.723,1483,0.639
"광진구",5732,1.320,4780,1.115,4201,1.012,4239,1.035,3908,0.982,3397,0.881,3566,0.945,3714,0.991,3479,0.939,3258,0.891,3366,0.935,3184,0.900,3319,0.957,2990,0.877,3011,0.895,2951,0.903,2767,0.867,2347,0.749,2197,0.713,1957,0.652,1532,0.527,1484,0.525,1278,0.461,1231,0.449
"동대문구",4338,1.181,3891,1.048,3568,0.982,3311,0.923,3356,0.956,3020,0.879,3181,0.939,3360,1.009,3236,0.993,2879,0.917,2880,0.941,2947,0.975,2963,0.998,2651,0.909,2634,0.914,2687,0.960,2383,0.889,2117,0.822,1886,0.753,1884,0.765,1702,0.699,1585,0.660,1475,0.620,1359,0.566
"중랑구",5537,1.220,4599,1.045,4214,0.992,3895,0.947,4032,1.008,3549,0.915,3673,0.978,3882,1.046,3711,1.010,3495,0.963,3570,1.010,3450,0.996,3659,1.082,3265,0.991,3288,1.006,3368,1.051,3085,0.995,2744,0.906,2446,0.825,2244,0.777,1873,0.660,1825,0.650,1860,0.659,1762,0.623
"성북구",5489,1.186,4609,1.042,3841,0.899,4276,1.000,4377,1.025,4048,0.946,4397,1.012,4845,1.120,4415,1.042,4218,1.001,4409,1.048,4414,1.062,4217,1.044,3831,0.983,3537,0.949,3514,0.991,3060,0.909,2631,0.818,2264,0.737,2147,0.707,2041,0.676,1939,0.656,1896,0.649,1695,0.588
"강북구",3805,1.077,3442,0.992,3194,0.922,3438,0.988,3127,0.921,2799,0.858,2774,0.886,3131,1.032,2858,0.971,2784,0.971,2801,0.996,2789,1.018,2818,1.051,2491,0.963,2360,0.955,2164,0.922,1965,0.878,1772,0.825,1344,0.647,1227,0.617,1049,0.550,994,0.541,855,0.483,826,0.478
"도봉구",4751,1.353,4033,1.178,3562,1.061,3502,1.057,3571,1.086,3137,0.964,3115,0.986,3297,1.079,3035,1.015,3030,1.032,3158,1.104,3005,1.079,3083,1.137,2530,0.956,2553,1.000,2481,1.010,2249,0.947,1906,0.833,1707,0.774,1483,0.697,1218,0.601,1136,0.579,1092,0.573,971,0.518
"노원구",9010,1.524,8144,1.349,7033,1.177,7016,1.216,6665,1.197,5733,1.061,5867,1.114,6232,1.210,5721,1.134,5178,1.046,5298,1.100,5063,1.083,5296,1.162,4668,1.057,4715,1.109,4462,1.096,4176,1.068,3494,0.938,2851,0.809,2604,0.776,2252,0.695,2225,0.701,2246,0.716,2091,0.673
"은평구",5991,1.258,4997,1.075,4636,1.012,4903,1.074,4758,1.044,4227,0.949,4236,0.994,4406,1.070,3856,0.966,3804,0.958,4095,1.020,4318,1.064,4654,1.139,4157,1.024,4085,1.028,3870,1.003,3522,0.943,2930,0.814,2703,0.772,2407,0.697,2144,0.623,2076,0.604,2072,0.613,1748,0.515
"서대문구",4762,1.206,4224,1.092,3787,1.009,3637,0.999,3470,0.990,3040,0.902,3032,0.920,3277,1.012,2937,0.958,2602,0.896,2713,0.971,2368,0.894,2470,0.967,2358,0.938,2334,0.954,2175,0.913,2201,0.934,1911,0.823,1647,0.727,1521,0.685,1533,0.685,1426,0.635,1363,0.607,1301,0.570
"마포구",5419,1.239,4644,1.082,4139,0.986,3871,0.931,4294,1.022,3829,0.901,4134,0.967,4574,1.077,4144,0.997,3735,0.917,3824,0.955,3859,0.977,3797,0.991,3320,0.892,3373,0.915,3626,0.986,3392,0.945,2812,0.806,2528,0.733,2334,0.681,2015,0.594,1959,0.587,1761,0.529,1571,0.476
"양천구",5356,1.259,4852,1.149,4387,1.059,4269,1.049,4156,1.022,3924,0.961,4120,1.019,4486,1.124,4110,1.043,3673,0.947,3678,0.974,3727,1.002,3869,1.055,3547,0.990,3527,1.005,3526,1.034,3334,1.008,2876,0.898,2387,0.771,2222,0.742,1875,0.644,1827,0.645,1682,0.608,1449,0.533
"강서구",7140,1.404,5999,1.185,5446,1.075,5680,1.102,5688,1.095,5368,1.026,5599,1.064,6095,1.165,5979,1.123,5740,1.067,5720,1.085,5753,1.113,5875,1.151,5224,1.032,5424,1.064,5812,1.129,5456,1.059,4800,0.925,4260,0.826,3841,0.760,3345,0.675,3006,0.617,2865,0.588,2635,0.545
"구로구",5872,1.431,5242,1.269,4714,1.142,4596,1.131,4652,1.147,4398,1.082,4699,1.156,5014,1.232,4883,1.202,4560,1.124,4770,1.197,4633,1.177,4936,1.258,4468,1.162,4279,1.142,4257,1.169,3736,1.070,3139,0.943,2658,0.838,2460,0.794,2269,0.737,2229,0.737,2057,0.684,1937,0.643
"금천구",3506,1.301,2922,1.129,2493,0.997,2542,1.028,2570,1.063,2230,0.951,2361,1.052,2317,1.080,2102,1.010,1978,0.974,2002,1.011,1927,1.001,2077,1.104,1739,0.944,1820,1.019,1885,1.086,1595,0.944,1498,0.901,1314,0.796,1154,0.709,1092,0.668,1012,0.612,1004,0.588,963,0.559
"영등포구",6004,1.387,5128,1.194,4592,1.085,4597,1.106,4541,1.101,4331,1.050,4526,1.101,4896,1.208,4453,1.116,4119,1.056,4288,1.128,4050,1.103,4050,1.142,3448,0.999,3480,1.025,3611,1.085,3282,1.011,2805,0.884,2698,0.851,2633,0.829,2296,0.705,2402,0.713,2262,0.671,2163,0.635
"동작구",5738,1.253,5111,1.156,4291,0.996,4319,1.003,4576,1.057,4148,0.970,4201,1.005,4360,1.061,4044,1.008,3829,0.975,3846,0.989,3837,1.001,3883,1.017,3712,0.974,3765,1.007,3643,1.012,3184,0.912,2814,0.831,2417,0.737,2227,0.697,2044,0.655,1831,0.602,1696,0.567,1695,0.574
"관악구",7367,1.273,6352,1.091,5646,0.979,5708,0.993,5666,0.976,5248,0.910,5258,0.922,5703,1.005,5306,0.942,4836,0.879,4738,0.881,4729,0.897,4596,0.891,4140,0.825,4071,0.834,3960,0.833,3561,0.777,2931,0.662,2582,0.597,2245,0.536,1905,0.474,1707,0.437,1615,0.422,1489,0.394
"서초구",4662,1.135,3900,0.958,3605,0.901,3561,0.896,3702,0.917,3403,0.843,3655,0.904,3911,0.973,3846,0.972,3746,0.929,4403,1.068,4190,1.025,4439,1.095,4081,1.007,4135,1.014,4078,1.012,3629,0.928,3039,0.799,2919,0.800,2512,0.715,2238,0.656,2163,0.666,1864,0.599,1687,0.553
"강남구",6254,1.129,5095,0.926,4386,0.810,4404,0.827,4188,0.792,3898,0.730,4374,0.797,4893,0.877,4586,0.823,4388,0.785,4836,0.862,4761,0.855,4903,0.886,4551,0.842,4654,0.863,4595,0.857,4122,0.802,3456,0.706,2940,0.631,2749,0.612,2356,0.537,2204,0.523,1996,0.490,2296,0.558
"송파구",8892,1.341,7415,1.135,6635,1.036,6367,1.034,5761,0.991,5277,0.931,5392,0.958,5955,1.046,5995,0.996,6363,1.000,6750,1.058,6574,1.042,6859,1.099,5963,0.973,6001,0.996,5899,1.008,5500,0.958,4976,0.871,4567,0.800,4424,0.770,3791,0.665,3469,0.623,3284,0.598,2968,0.543
"강동구",6007,1.347,5070,1.140,4591,1.060,4399,1.039,4268,1.038,3816,0.958,3881,0.993,4210,1.073,4019,1.008,4250,1.028,4646,1.096,4655,1.104,4590,1.101,4070,1.006,4089,1.039,3865,1.036,3293,0.938,2968,0.884,2659,0.820,2437,0.758,2535,0.748,2810,0.797,2528,0.719,2194,0.629
"부산광역시",41222,1.235,35848,1.103,30767,0.975,30117,0.988,28231,0.953,25681,0.887,25881,0.915,28426,1.024,26670,0.980,25110,0.940,27415,1.045,27759,1.078,28673,1.135,25831,1.049,26190,1.090,26645,1.139,24906,1.095,21480,0.976,19152,0.899,17049,0.827,15058,0.747,14446,0.728,14134,0.723,12866,0.664
"중구",593,1.155,540,1.070,468,0.952,404,0.865,392,0.870,303,0.701,303,0.736,328,0.850,309,0.843,298,0.849,355,1.039,324,1.002,298,0.945,266,0.887,264,0.914,257,0.925,211,0.801,174,0.687,163,0.698,112,0.504,94,0.445,83,0.381,101,0.462,70,0.320
"서구",1410,1.082,1290,1.022,989,0.817,1036,0.903,891,0.813,834,0.790,796,0.801,835,0.872,712,0.790,619,0.726,631,0.780,675,0.863,674,0.905,584,0.819,608,0.878,599,0.899,574,0.912,458,0.758,426,0.736,386,0.689,359,0.661,344,0.647,344,0.649,302,0.566
"동구",1138,1.052,984,0.952,892,0.897,831,0.882,716,0.801,622,0.737,615,0.777,681,0.890,628,0.866,603,0.866,627,0.935,667,1.031,639,1.033,552,0.947,520,0.941,482,0.929,436,0.885,373,0.791,321,0.702,334,0.727,347,0.728,380,0.777,370,0.735,366,0.715
"영도구",1660,1.081,1504,1.017,1251,0.890,1208,0.900,1049,0.820,901,0.735,955,0.810,995,0.880,906,0.839,767,0.746,894,0.922,851,0.926,793,0.912,684,0.840,653,0.871,634,0.899,619,0.938,469,0.750,404,0.707,346,0.639,289,0.577,266,0.549,321,0.692,317,0.692
"부산진구",4545,1.208,3987,1.081,3595,0.997,3464,0.997,3250,0.970,3077,0.916,3209,0.952,3534,1.060,3299,0.999,3175,0.976,3270,1.034,3288,1.063,3475,1.134,3070,1.029,3027,1.037,3029,1.079,2692,1.003,2288,0.883,2018,0.811,1695,0.712,1468,0.621,1564,0.655,1498,0.624,1615,0.648
"동래구",2882,1.156,2469,1.021,2061,0.883,1990,0.894,1951,0.911,1662,0.789,1778,0.848,2051,0.961,2020,0.952,1868,0.891,2011,0.976,2051,1.005,2111,1.061,1775,0.935,1813,0.983,1833,1.026,1737,1.014,1458,0.887,1297,0.813,1291,0.819,1270,0.801,1216,0.778,1271,0.819,1061,0.672
"남구",3148,1.202,2867,1.095,2507,0.955,2613,1.002,2500,0.980,2219,0.889,2139,0.884,2398,1.009,2303,0.979,2239,0.960,2436,1.067,2325,1.060,2239,1.068,2051,1.017,1997,1.029,1940,1.049,1718,0.987,1439,0.881,1295,0.816,1203,0.770,998,0.675,963,0.687,832,0.619,784,0.596
"북구",4055,1.437,3351,1.220,2919,1.069,3105,1.146,2952,1.104,2755,1.037,2603,1.012,2736,1.115,2477,1.052,2252,0.990,2367,1.080,2319,1.088,2578,1.218,2405,1.148,2396,1.192,2397,1.209,2417,1.234,2113,1.106,1797,0.992,1468,0.852,1272,0.771,1236,0.764,1321,0.816,1166,0.732
"해운대구",5003,1.326,4302,1.180,3524,1.009,3380,1.012,3115,0.955,2964,0.920,3117,0.964,3646,1.106,3314,1.010,3229,0.998,3368,1.053,3493,1.123,3473,1.143,3148,1.058,3092,1.070,3022,1.081,2845,1.047,2275,0.884,2084,0.841,1948,0.811,1728,0.736,1577,0.687,1512,0.682,1398,0.652
"사하구",4533,1.311,3903,1.167,3495,1.087,3182,1.025,3194,1.048,2857,0.954,2919,0.999,3088,1.085,3118,1.111,2965,1.070,3053,1.133,3239,1.234,3219,1.254,2851,1.147,2724,1.142,2696,1.199,2398,1.119,2065,1.005,1828,0.925,1526,0.816,1327,0.758,1153,0.687,1172,0.725,1076,0.676
"금정구",3037,1.200,2585,1.065,2151,0.929,2087,0.945,1905,0.894,1619,0.791,1559,0.790,1822,0.947,1592,0.856,1453,0.806,1632,0.928,1621,0.928,1722,1.003,1548,0.921,1469,0.910,1540,1.009,1275,0.868,1204,0.849,1080,0.788,1000,0.761,782,0.625,749,0.629,663,0.580,630,0.580
"강서구",534,1.219,440,1.081,356,0.924,369,1.014,293,0.863,315,0.974,302,0.963,326,1.062,301,1.005,415,1.177,609,1.483,567,1.321,671,1.505,680,1.424,925,1.688,1365,1.982,1601,1.924,1731,1.829,1607,1.611,1449,1.442,1312,1.259,1294,1.170,1283,1.179,1015,0.987
"연제구",2246,1.163,1872,0.990,1770,0.933,1841,0.983,1596,0.875,1491,0.851,1558,0.915,1679,0.999,1596,0.952,1503,0.912,1635,1.004,1669,1.034,1710,1.083,1494,0.989,1563,1.079,1513,1.075,1478,1.070,1278,0.945,1264,0.936,1214,0.909,1058,0.793,1005,0.764,945,0.737,836,0.646
"수영구",1749,1.101,1536,0.986,1284,0.843,1219,0.819,1269,0.853,1274,0.859,1258,0.866,1389,0.965,1290,0.905,1137,0.811,1264,0.912,1309,0.958,1327,0.980,1180,0.897,1201,0.917,1374,1.045,1263,0.975,1082,0.852,955,0.770,854,0.711,787,0.656,775,0.641,777,0.646,662,0.561
"사상구",3869,1.406,3480,1.279,2802,1.073,2683,1.088,2445,1.038,2094,0.920,2147,0.975,2298,1.084,2168,1.062,1905,0.962,2186,1.129,2196,1.153,2315,1.246,2040,1.150,2014,1.181,2001,1.241,1682,1.102,1437,0.996,1245,0.919,1015,0.797,823,0.679,765,0.660,689,0.604,682,0.600
"기장군",820,1.329,738,1.200,703,1.138,705,1.146,713,1.136,694,1.128,623,1.049,620,1.091,637,1.151,682,1.154,1077,1.533,1165,1.493,1429,1.709,1503,1.610,1924,1.782,1963,1.771,1960,1.696,1636,1.456,1368,1.241,1208,1.151,1144,1.086,1076,0.995,1035,0.956,,
"기장군",,,,,,,,,,,,,,,,,,,,,,,,,,,,,,,,,,,,,,,,,,,,,,,886,0.845
"대구광역시",32477,1.378,28111,1.216,24260,1.076,24513,1.116,23259,1.087,20804,1.001,20360,1.011,22295,1.137,20562,1.072,19399,1.029,20557,1.109,20758,1.146,21472,1.217,19340,1.127,19361,1.169,19438,1.216,18298,1.186,15946,1.067,14400,0.987,13233,0.932,11193,0.807,10661,0.785,10134,0.757,9410,0.702
"중구",724,0.945,670,0.912,559,0.783,563,0.824,527,0.808,469,0.731,480,0.756,620,0.989,556,0.885,544,0.879,527,0.872,563,0.995,541,0.996,504,0.936,550,0.996,664,1.157,700,1.211,577,1.040,546,1.001,483,0.886,413,0.788,404,0.783,448,0.804,533,0.824
"동구",4447,1.380,3720,1.196,3210,1.071,3189,1.081,3247,1.093,3055,1.036,2926,1.033,3157,1.159,2864,1.091,2657,1.036,3028,1.185,3071,1.206,3206,1.280,2903,1.195,3044,1.283,3082,1.322,2806,1.239,2441,1.123,2202,1.024,2001,0.963,1649,0.820,1630,0.814,1594,0.795,1472,0.727
"서구",3323,1.225,2866,1.105,2351,0.957,2269,0.984,2020,0.930,1630,0.792,1624,0.841,1628,0.889,1419,0.827,1257,0.772,1298,0.828,1448,0.958,1565,1.063,1390,0.994,1261,0.958,1219,0.985,1113,0.973,864,0.819,667,0.694,541,0.616,405,0.497,364,0.470,348,0.459,365,0.474
"남구",2128,1.132,1776,0.987,1569,0.897,1578,0.930,1391,0.859,1264,0.805,1320,0.850,1411,0.914,1314,0.876,1152,0.804,1124,0.822,1122,0.856,1185,0.933,1092,0.889,1009,0.870,1015,0.934,879,0.875,707,0.753,613,0.683,569,0.663,484,0.567,451,0.549,403,0.492,453,0.563
"북구",5901,1.491,5186,1.325,4701,1.177,5340,1.294,5483,1.312,4951,1.189,4899,1.197,5243,1.322,4627,1.216,4160,1.140,4281,1.228,4295,1.274,4391,1.349,3798,1.217,3820,1.275,3900,1.349,3575,1.295,3022,1.140,2785,1.075,2438,0.961,2198,0.875,2011,0.808,1962,0.805,1649,0.698
"수성구",4948,1.259,4380,1.144,3561,0.978,3457,0.999,3111,0.936,2877,0.900,2825,0.905,3239,1.051,3086,1.013,2852,0.953,2797,0.944,2877,0.988,2989,1.055,2634,0.944,2781,1.034,2603,1.013,2400,0.990,1977,0.849,1714,0.763,1568,0.722,1342,0.628,1390,0.676,1413,0.690,1166,0.569
"달서구",8484,1.534,7275,1.312,6352,1.162,6302,1.197,5673,1.125,4842,1.005,4672,1.010,5227,1.159,4920,1.096,4976,1.104,5404,1.193,5333,1.191,5463,1.250,5097,1.187,5025,1.204,5049,1.260,4504,1.185,3706,1.040,3041,0.895,2927,0.889,2373,0.743,2231,0.725,2012,0.676,2003,0.684
"달성군",2522,1.759,2238,1.554,1957,1.399,1815,1.323,1807,1.386,1716,1.362,1614,1.298,1770,1.463,1776,1.410,1801,1.348,2098,1.535,2049,1.540,2132,1.614,1922,1.476,1871,1.504,1906,1.535,2321,1.667,2652,1.634,2832,1.615,2706,1.517,2329,1.321,2180,1.247,1954,1.135,,
"달성군",,,,,,,,,,,,,,,,,,,,,,,,,,,,,,,,,,,,,,,,,,,,,,,1712,1.025
"군위군",,,,,,,,,,,,,,,,,,,,,,,,,,,,,,,,,,,,,,,,,,,,,,,57,1.082
"인천광역시",34433,1.473,30494,1.324,26775,1.185,26832,1.213,25092,1.158,23026,1.075,23711,1.116,26712,1.257,25365,1.186,24379,1.143,25752,1.214,26118,1.232,27781,1.301,25560,1.195,25786,1.212,25491,1.216,23609,1.144,20445,1.007,20087,1.006,18522,0.940,16040,0.829,14947,0.778,14464,0.747,13659,0.694
"중구",821,1.375,719,1.209,726,1.164,921,1.336,1036,1.364,907,1.154,902,1.164,1031,1.376,832,1.169,807,1.163,897,1.300,867,1.284,934,1.364,935,1.283,1003,1.298,1020,1.299,915,1.190,790,1.047,794,1.018,856,0.993,776,0.816,807,0.822,846,0.803,858,0.764
"동구",699,1.134,574,0.972,527,0.903,677,1.104,810,1.243,633,0.994,617,1.026,666,1.151,648,1.136,634,1.083,753,1.253,827,1.398,767,1.342,648,1.221,577,1.156,624,1.325,527,1.185,430,1.039,382,1.005,344,0.995,219,0.697,206,0.688,203,0.679,232,0.775
"남구",5023,1.314,4391,1.158,4052,1.063,4242,1.111,4124,1.093,3543,0.970,3426,0.978,3858,1.124,3715,1.083,3601,1.047,3862,1.146,3785,1.151,3820,1.205,3400,1.107,3275,1.106,3191,1.127,2998,1.068,2893,1.027,,,,,,,,,,,,
"연수구",3314,1.424,2936,1.320,2511,1.172,2506,1.249,2201,1.134,2073,1.072,2143,1.100,2381,1.240,2189,1.149,2086,1.094,2310,1.207,2324,1.194,2585,1.284,2496,1.210,2629,1.234,2646,1.215,2542,1.135,2440,1.064,2480,1.059,2517,1.013,2525,0.946,2478,0.902,2294,0.850,1962,0.734
"남동구",5993,1.535,5399,1.395,4471,1.196,4212,1.180,3795,1.128,3311,1.027,3468,1.087,4232,1.243,4572,1.241,4559,1.195,4653,1.211,5010,1.280,5333,1.333,4699,1.183,4732,1.209,4883,1.240,4521,1.163,3850,1.008,3782,1.006,3333,0.915,2831,0.808,2446,0.723,2157,0.663,1830,0.592
"부평구",7422,1.446,6771,1.314,6058,1.189,6084,1.210,5587,1.135,5304,1.084,5524,1.132,6057,1.259,5509,1.157,5293,1.133,5331,1.168,5142,1.156,5235,1.205,4874,1.139,5022,1.183,4918,1.177,4537,1.113,3845,0.977,3576,0.954,2977,0.839,2399,0.713,2165,0.667,2227,0.675,2172,0.637
"계양구",5244,1.658,4568,1.478,3957,1.302,3939,1.331,3593,1.255,3098,1.115,3287,1.194,3643,1.324,3291,1.208,3199,1.176,3396,1.244,3339,1.240,3432,1.300,2997,1.142,3004,1.166,2763,1.126,2455,1.047,1984,0.882,1921,0.904,1654,0.829,1261,0.669,1278,0.685,1150,0.626,966,0.550
"서구",5203,1.610,4493,1.413,3928,1.278,3696,1.258,3439,1.178,3668,1.201,3837,1.231,4304,1.372,4124,1.309,3686,1.213,4045,1.329,4362,1.363,5194,1.485,5122,1.384,5129,1.362,5051,1.350,4717,1.280,3867,1.058,4148,1.119,4084,1.077,3571,0.950,3374,0.893,3496,0.867,3629,0.820
"강화군",551,1.457,479,1.304,416,1.183,416,1.239,380,1.159,386,1.197,370,1.182,391,1.243,359,1.149,360,1.177,353,1.177,306,1.062,318,1.136,267,0.991,287,1.102,274,1.081,276,1.114,242,0.989,258,1.064,299,1.251,313,1.312,277,1.166,266,1.126,,
"옹진군",163,2.152,164,2.184,129,1.714,139,1.863,127,1.655,103,1.239,137,1.546,149,1.613,126,1.350,154,1.586,152,1.569,156,1.628,163,1.770,122,1.352,128,1.387,121,1.339,121,1.395,104,1.186,109,1.341,99,1.293,80,1.125,74,1.050,68,0.995,,
"미추홀구",,,,,,,,,,,,,,,,,,,,,,,,,,,,,,,,,,,,,2637,0.951,2359,0.878,2065,0.798,1842,0.713,1757,0.673,1711,0.659
"강화군",,,,,,,,,,,,,,,,,,,,,,,,,,,,,,,,,,,,,,,,,,,,,,,240,1.043
"옹진군",,,,,,,,,,,,,,,,,,,,,,,,,,,,,,,,,,,,,,,,,,,,,,,59,0.884
"광주광역시",21148,1.636,18198,1.421,16036,1.264,15954,1.278,14729,1.203,13327,1.105,13679,1.152,14810,1.262,13890,1.198,13101,1.137,13979,1.223,13916,1.234,14392,1.295,12729,1.170,12729,1.199,12441,1.207,11580,1.168,10120,1.053,9105,0.972,8364,0.913,7318,0.811,7956,0.896,7446,0.844,6172,0.706
"동구",1218,1.202,954,0.989,792,0.855,833,0.907,793,0.866,665,0.734,665,0.760,767,0.882,665,0.804,593,0.744,655,0.874,781,1.072,917,1.267,820,1.170,841,1.258,679,1.072,559,0.939,524,0.925,460,0.831,459,0.803,493,0.802,639,0.986,647,0.960,541,0.775
"서구",4727,1.736,4537,1.575,3935,1.342,3994,1.369,3587,1.258,3118,1.120,3107,1.156,3206,1.227,2979,1.168,2680,1.084,2714,1.120,2726,1.081,2936,1.196,2606,1.095,2452,1.077,2233,1.030,2205,1.054,2011,0.977,1749,0.873,1589,0.826,1336,0.712,1302,0.725,1237,0.701,1027,0.588
"남구",2602,1.351,2060,1.112,1745,0.984,1668,0.976,1474,0.892,1379,0.847,1520,0.953,1540,0.992,1607,1.032,1541,0.968,1724,1.084,1679,1.061,1756,1.121,1458,0.960,1493,1.005,1600,1.089,1416,1.002,1298,0.951,1165,0.880,1120,0.861,951,0.753,1039,0.843,999,0.813,831,0.694
"북구",7581,1.666,6130,1.390,5374,1.257,5089,1.239,4615,1.166,4172,1.085,4305,1.126,4930,1.277,4606,1.191,4384,1.146,4317,1.176,4054,1.201,3962,1.208,3489,1.082,3707,1.166,3841,1.235,3437,1.152,3035,1.051,2796,0.992,2538,0.922,2220,0.827,2508,0.950,2228,0.846,1856,0.708
"광산구",5020,1.975,4517,1.771,4190,1.613,4370,1.638,4260,1.577,3993,1.455,4082,1.486,4367,1.614,4033,1.521,3903,1.441,4569,1.594,4676,1.592,4821,1.613,4356,1.465,4236,1.448,4088,1.427,3963,1.426,3252,1.211,2935,1.119,2658,1.028,2318,0.900,2468,0.972,2335,0.933,1917,0.774
"대전광역시",19570,1.501,17290,1.330,15631,1.207,15712,1.221,15024,1.181,13950,1.107,14489,1.158,15780,1.274,14856,1.215,13915,1.156,14314,1.205,14808,1.261,15279,1.315,14099,1.234,13962,1.250,13774,1.277,12436,1.192,10851,1.075,9337,0.952,8410,0.883,7481,0.805,7414,0.810,7677,0.842,7194,0.787
"동구",3104,1.351,2606,1.177,2196,1.051,2185,1.070,2255,1.121,1986,1.015,2058,1.071,2458,1.257,2375,1.198,2268,1.152,2312,1.205,2376,1.258,2469,1.320,2260,1.250,2085,1.215,1997,1.258,1666,1.131,1409,1.031,1182,0.903,1100,0.867,950,0.787,958,0.819,915,0.788,951,0.825
"중구",3155,1.311,2982,1.232,2605,1.095,2585,1.102,2242,0.973,2281,1.006,2358,1.059,2503,1.154,2452,1.150,2298,1.104,2280,1.126,2321,1.179,2357,1.234,2081,1.128,2119,1.188,1952,1.165,1689,1.068,1427,0.946,1264,0.882,1110,0.812,918,0.697,922,0.727,897,0.713,792,0.645
"서구",6688,1.484,5893,1.305,5434,1.186,5614,1.225,5452,1.198,4901,1.083,4946,1.116,5085,1.180,4759,1.133,4473,1.082,4600,1.129,4751,1.183,4860,1.231,4504,1.164,4431,1.169,4483,1.223,4069,1.141,3522,1.012,3078,0.903,2803,0.839,2580,0.785,2453,0.755,2555,0.795,2322,0.723
"유성구",2567,1.735,2359,1.547,2462,1.492,2548,1.454,2436,1.358,2511,1.321,3022,1.445,3507,1.597,3275,1.481,3034,1.364,3201,1.383,3531,1.488,3723,1.518,3464,1.391,3641,1.434,3820,1.463,3647,1.379,3375,1.274,2876,1.083,2582,0.987,2332,0.906,2332,0.909,2469,0.958,2380,0.895
"대덕구",4056,1.750,3450,1.504,2934,1.336,2780,1.304,2639,1.295,2271,1.173,2105,1.149,2227,1.280,1995,1.198,1842,1.154,1921,1.254,1829,1.241,1870,1.302,1790,1.276,1686,1.259,1522,1.216,1365,1.160,1118,1.012,937,0.906,815,0.849,701,0.752,749,0.806,841,0.913,749,0.833
"울산광역시",15816,1.633,13600,1.423,11666,1.242,11720,1.280,11151,1.241,10469,1.186,10740,1.242,11955,1.403,11365,1.338,11033,1.308,11432,1.369,11542,1.393,12160,1.481,11330,1.391,11556,1.437,11732,1.486,10910,1.418,9381,1.261,8149,1.131,7539,1.084,6617,0.984,6127,0.940,5399,0.848,5082,0.814
"중구",3020,1.422,2718,1.312,2314,1.143,2339,1.191,2089,1.097,1879,1.012,1979,1.094,2180,1.225,1994,1.150,1863,1.116,1857,1.151,1838,1.160,1991,1.284,1823,1.189,1918,1.245,2081,1.327,2107,1.356,1801,1.196,1453,1.029,1170,0.894,937,0.770,904,0.773,736,0.652,734,0.655
"남구",4900,1.602,4157,1.337,3673,1.184,3579,1.184,3324,1.132,3116,1.088,3072,1.110,3266,1.219,3024,1.149,3033,1.166,3149,1.229,3180,1.262,3342,1.339,3107,1.250,3189,1.308,3176,1.356,2840,1.261,2409,1.115,2077,1.000,1860,0.934,1701,0.876,1659,0.872,1511,0.800,1369,0.731
"동구",2644,1.691,2129,1.411,1923,1.302,1911,1.314,1883,1.298,1790,1.232,1951,1.321,2279,1.543,1939,1.346,1926,1.375,1979,1.441,2033,1.476,2294,1.642,2221,1.572,2304,1.655,2157,1.622,2013,1.583,1717,1.437,1312,1.183,1091,1.076,819,0.882,749,0.866,610,0.733,633,0.790
"북구",2268,1.843,1853,1.591,1545,1.404,1597,1.503,1698,1.520,1750,1.535,1944,1.691,2142,1.823,2229,1.763,2125,1.608,2285,1.672,2382,1.694,2330,1.669,2145,1.572,2103,1.564,2258,1.695,2122,1.604,1861,1.385,1826,1.327,1970,1.374,1826,1.254,1584,1.108,1415,1.010,1264,0.930
"울주군",2984,1.810,2743,1.667,2211,1.359,2294,1.446,2157,1.424,1934,1.333,1794,1.293,2088,1.534,2179,1.579,2086,1.502,2162,1.548,2109,1.540,2203,1.627,2034,1.526,2042,1.563,2060,1.579,1828,1.442,1593,1.312,1481,1.236,1448,1.226,1334,1.157,1231,1.098,1127,1.025,,
"울주군",,,,,,,,,,,,,,,,,,,,,,,,,,,,,,,,,,,,,,,,,,,,,,,1082,1.005
"세종특별자치시",,,,,,,,,,,,,,,,,,,,,,,,,1054,1.597,1111,1.435,1344,1.354,2708,1.893,3297,1.821,3504,1.668,3703,1.566,3819,1.472,3468,1.277,3570,1.277,3209,1.121,2761,0.971
"세종시",,,,,,,,,,,,,,,,,,,,,,,,,1054,1.597,1111,1.435,1344,1.354,2708,1.893,3297,1.821,3504,1.668,3703,1.566,3819,1.472,3468,1.277,3570,1.277,3209,1.121,2761,0.971
"경기도",141704,1.628,126264,1.437,116854,1.305,120433,1.321,117812,1.280,109533,1.183,115111,1.239,126648,1.361,119397,1.285,113692,1.226,121753,1.309,122027,1.314,124746,1.355,112129,1.226,112169,1.241,113495,1.272,105643,1.194,94088,1.069,88175,1.002,83198,0.943,77737,0.878,76139,0.853,75323,0.839,68817,0.766
"수원시",16111,1.663,14209,1.455,13111,1.322,13662,1.360,12753,1.292,11105,1.143,11573,1.189,12732,1.313,11763,1.241,10947,1.171,11254,1.226,10974,1.218,12098,1.335,11360,1.230,11628,1.247,12036,1.292,10940,1.190,9497,1.044,8832,0.985,7791,0.890,6814,0.796,6508,0.768,6558,0.765,5940,0.677
"장안구",5034,1.617,4412,1.402,4288,1.323,3719,1.386,3371,1.293,2904,1.153,2955,1.186,3171,1.297,2812,1.197,2662,1.159,2749,1.217,2633,1.205,2618,1.228,2519,1.173,2538,1.183,2582,1.247,2105,1.061,1820,0.954,1551,0.855,1313,0.773,1148,0.714,999,0.628,1044,0.652,965,0.598
"권선구",4885,1.572,4330,1.381,3898,1.255,3482,1.333,3316,1.293,2907,1.122,3142,1.178,3604,1.326,3316,1.230,2941,1.114,3064,1.185,3102,1.179,3729,1.362,3352,1.206,3409,1.230,3637,1.291,3538,1.238,3133,1.097,3085,1.067,2677,0.941,2295,0.837,2107,0.787,2137,0.802,1911,0.707
"팔달구",6192,1.779,5467,1.566,4925,1.378,2572,1.199,2500,1.150,2172,1.010,2168,1.032,2361,1.140,2232,1.120,1959,1.000,2087,1.087,1976,1.095,2020,1.172,1799,1.078,1708,1.057,1602,1.039,1483,1.007,1215,0.856,1012,0.774,808,0.664,724,0.617,816,0.665,926,0.677,943,0.636
"영통구",,,,,,,3889,1.503,3566,1.417,3122,1.275,3308,1.338,3596,1.460,3403,1.390,3385,1.383,3354,1.397,3263,1.371,3731,1.516,3690,1.403,3973,1.428,4215,1.465,3814,1.328,3329,1.147,3184,1.082,2993,1.001,2647,0.871,2586,0.868,2451,0.835,2121,0.716
"성남시",13048,1.438,11362,1.255,10418,1.146,10949,1.185,10909,1.168,9911,1.061,9838,1.086,10405,1.199,9297,1.107,8828,1.063,9737,1.170,9632,1.173,9609,1.186,8847,1.110,8718,1.114,8864,1.159,8312,1.110,7368,1.005,6453,0.910,5808,0.852,5110,0.767,5024,0.763,4966,0.761,4372,0.672
"수정구",3888,1.426,3430,1.276,3097,1.151,3308,1.214,3273,1.211,2849,1.067,2852,1.097,3118,1.243,2702,1.124,2459,1.080,2473,1.143,2370,1.150,2321,1.172,1957,1.038,1936,1.093,1876,1.116,1885,1.140,1716,1.016,1579,0.955,1425,0.882,1294,0.793,1266,0.772,1276,0.799,1068,0.657
"중원구",3832,1.414,3297,1.234,3030,1.146,3083,1.173,2856,1.114,2568,1.035,2434,1.015,2670,1.147,2435,1.061,2247,1.000,2360,1.100,2264,1.096,2234,1.103,2072,1.034,1992,1.012,2076,1.096,1916,1.069,1684,1.008,1356,0.857,1258,0.838,1102,0.758,1048,0.737,1011,0.700,1124,0.764
"분당구",5328,1.433,4635,1.228,4291,1.117,4558,1.146,4780,1.149,4494,1.060,4552,1.106,4617,1.191,4160,1.120,4122,1.085,4904,1.225,4998,1.224,5054,1.236,4818,1.184,4790,1.176,4912,1.208,4511,1.114,3968,0.998,3518,0.911,3125,0.841,2714,0.756,2710,0.768,2679,0.768,2180,0.639
"의정부시",5435,1.556,4714,1.332,4261,1.222,4441,1.251,4013,1.130,3840,1.095,3798,1.089,4434,1.273,4152,1.185,3898,1.126,3919,1.180,3612,1.133,3683,1.201,3245,1.080,3168,1.081,3178,1.104,2967,1.049,2669,0.947,2559,0.905,2418,0.847,2302,0.795,2288,0.781,2269,0.762,2106,0.703
"안양시",8163,1.482,6985,1.288,6424,1.191,6586,1.224,6669,1.226,6215,1.142,6216,1.161,6435,1.229,6044,1.181,5473,1.094,5863,1.186,5781,1.192,5639,1.192,5182,1.111,5183,1.143,5160,1.177,4776,1.112,4125,0.985,4066,1.006,3830,0.980,3276,0.870,3277,0.885,3389,0.898,3093,0.811
"만안구",3265,1.344,3007,1.240,2823,1.154,2825,1.163,2731,1.153,2489,1.069,2512,1.092,2610,1.161,2400,1.099,2152,1.009,2373,1.127,2349,1.131,2280,1.144,1996,1.047,1956,1.063,1938,1.089,1950,1.100,1694,0.955,1732,0.998,1618,0.972,1371,0.862,1341,0.856,1329,0.843,1310,0.839
"동안구",4898,1.588,3978,1.322,3601,1.218,3761,1.274,3938,1.276,3726,1.195,3704,1.211,3825,1.279,3644,1.244,3321,1.157,3490,1.232,3432,1.238,3359,1.227,3186,1.157,3227,1.199,3222,1.238,2826,1.120,2431,1.007,2334,1.012,2212,0.986,1905,0.876,1936,0.907,2060,0.935,1783,0.791
"부천시",10777,1.475,9441,1.326,8675,1.197,9256,1.234,9164,1.202,8176,1.082,8467,1.133,9289,1.248,8609,1.164,8272,1.124,8529,1.172,8268,1.159,8341,1.189,7221,1.053,7240,1.089,6909,1.072,6426,1.019,6059,0.977,5447,0.896,4747,0.807,4243,0.745,3912,0.707,3796,0.703,3339,0.634
"원미구",5094,1.432,4455,1.287,4224,1.173,4834,1.256,4779,1.213,4187,1.073,4341,1.126,4716,1.232,4337,1.146,4234,1.116,4438,1.172,4262,1.137,4310,1.163,3890,1.061,3945,1.095,3927,1.107,,,,,,,,,,,,,,,,
"소사구",2740,1.459,2360,1.284,2191,1.184,2149,1.130,2359,1.189,2193,1.083,2300,1.129,2610,1.276,2427,1.186,2293,1.124,2361,1.176,2303,1.178,2314,1.195,1970,1.053,1945,1.087,1764,1.041,,,,,,,,,,,,,,,,
"오정구",2943,1.597,2626,1.469,2260,1.284,2273,1.319,2026,1.213,1796,1.114,1826,1.169,1963,1.261,1845,1.188,1745,1.151,1730,1.171,1703,1.192,1717,1.252,1361,1.029,1350,1.072,1218,1.010,,,,,,,,,,,,,,,,
"광명시",5470,1.590,4756,1.409,4238,1.259,4360,1.303,4082,1.259,3529,1.133,3476,1.182,3461,1.229,3346,1.209,3079,1.122,3917,1.336,4462,1.417,4304,1.366,3643,1.198,3387,1.170,3364,1.235,2905,1.126,2374,0.978,2123,0.925,1827,0.840,1667,0.823,1663,0.867,1531,0.813,1452,0.793
"평택시",5641,1.702,4993,1.557,4310,1.385,4249,1.407,4128,1.371,3951,1.299,4450,1.426,4880,1.548,4569,1.464,4309,1.393,4386,1.447,4364,1.449,4615,1.532,4262,1.409,4360,1.435,4462,1.469,4179,1.366,3870,1.254,3586,1.144,3562,1.102,3597,1.061,3714,1.025,3926,1.028,3628,0.920
"동두천시",1035,1.569,837,1.323,702,1.159,751,1.277,727,1.206,747,1.173,826,1.268,968,1.449,881,1.282,871,1.262,990,1.450,946,1.428,871,1.331,814,1.293,784,1.293,759,1.292,714,1.261,583,1.078,464,0.879,426,0.854,393,0.809,352,0.738,351,0.754,292,0.661
"안산시",10168,1.804,8894,1.575,8298,1.423,8513,1.409,8325,1.372,7429,1.234,7475,1.248,8255,1.388,7455,1.282,6690,1.181,6916,1.251,6852,1.263,6797,1.284,6122,1.183,5953,1.185,5880,1.219,5131,1.106,4381,0.983,3747,0.879,3621,0.887,3539,0.869,3398,0.836,3255,0.807,2986,0.754
"상록구",,,,,4660,1.423,4802,1.419,4616,1.383,4003,1.226,4055,1.259,4492,1.408,3898,1.250,3594,1.188,3655,1.240,3686,1.279,3586,1.272,3384,1.221,3270,1.203,3340,1.268,2899,1.138,2438,0.990,2094,0.896,1865,0.858,1713,0.804,1681,0.791,1517,0.720,1433,0.700
"단원구",,,,,3638,1.424,3711,1.393,3709,1.358,3426,1.242,3420,1.233,3763,1.363,3557,1.318,3096,1.174,3261,1.263,3166,1.246,3211,1.297,2738,1.139,2683,1.164,2540,1.159,2232,1.067,1943,0.974,1653,0.859,1756,0.919,1826,0.939,1717,0.883,1738,0.900,1553,0.809
"고양시",12037,1.541,10411,1.345,9332,1.207,9514,1.237,9239,1.191,8360,1.084,8685,1.144,9203,1.234,8722,1.183,7923,1.094,8280,1.165,8251,1.170,8446,1.211,7566,1.087,7771,1.111,8131,1.161,7507,1.071,6681,0.960,5816,0.846,5538,0.802,5544,0.788,5591,0.786,5626,0.787,5017,0.695
"덕양구",6306,1.634,5225,1.391,4690,1.260,4794,1.314,4503,1.249,3927,1.121,3941,1.188,4183,1.325,3788,1.220,3694,1.197,3879,1.275,3700,1.245,3681,1.278,3259,1.132,3490,1.191,3727,1.239,3572,1.176,3144,1.040,2706,0.898,2725,0.889,2803,0.879,2859,0.865,3050,0.891,2770,0.781
"일산구",5731,1.451,5186,1.303,4642,1.158,4720,1.167,4736,1.142,,,,,,,,,,,,,,,,,,,,,,,,,,,,,,,,,,,,,,
"일산동구",,,,,,,,,,,1915,0.988,2135,1.071,2249,1.077,2290,1.083,2104,1.010,2111,1.027,2211,1.055,2273,1.076,2091,0.993,2091,1.004,2130,1.041,1859,0.912,1773,0.873,1584,0.788,1359,0.681,1314,0.663,1322,0.668,1264,0.645,1083,0.564
"일산서구",,,,,,,,,,,2518,1.120,2609,1.148,2771,1.256,2644,1.237,2125,1.031,2290,1.149,2340,1.183,2492,1.268,2216,1.132,2190,1.115,2274,1.175,2076,1.076,1764,0.932,1526,0.829,1454,0.794,1427,0.766,1410,0.771,1312,0.742,1164,0.669
"과천시",1143,1.539,957,1.335,831,1.222,777,1.200,739,1.231,503,0.988,429,0.970,432,1.008,508,1.089,593,1.174,577,1.148,565,1.156,571,1.204,556,1.184,519,1.121,492,1.099,414,0.982,317,0.855,281,0.796,282,0.780,393,0.993,497,1.057,559,1.020,599,1.016
"구리시",2388,1.514,2129,1.296,2133,1.231,2213,1.268,2017,1.194,1777,1.068,1970,1.203,2183,1.318,1986,1.209,1889,1.167,1958,1.232,1860,1.201,1883,1.263,1635,1.153,1431,1.055,1505,1.159,1340,1.034,1306,0.979,1318,0.955,1176,0.872,1015,0.784,926,0.732,883,0.725,815,0.680
"남양주시",5537,1.685,4879,1.455,4319,1.278,4275,1.259,4258,1.231,4063,1.125,4710,1.233,5635,1.420,5414,1.328,5082,1.230,5821,1.349,6125,1.385,6081,1.380,5505,1.240,5455,1.226,5588,1.255,5218,1.190,4422,1.043,4120,0.988,3855,0.908,3683,0.868,3596,0.834,3609,0.821,3243,0.754
"오산시",1959,1.919,2297,1.937,1954,1.634,1962,1.649,1864,1.561,1852,1.494,2017,1.536,2337,1.683,2289,1.586,2247,1.493,2624,1.589,2969,1.649,3080,1.683,2683,1.469,2700,1.501,2537,1.458,2261,1.375,1959,1.210,1847,1.130,1709,1.040,1506,0.919,1403,0.869,1304,0.826,1056,0.690
"시흥시",6018,1.941,5455,1.712,5044,1.561,5102,1.557,4930,1.493,4560,1.386,4845,1.488,4949,1.546,4631,1.478,4432,1.436,4504,1.478,4304,1.450,4110,1.449,3533,1.289,3263,1.237,3346,1.306,3069,1.202,2812,1.083,3185,1.140,3309,1.081,3211,0.979,3341,0.979,3196,0.931,2863,0.827
"군포시",4717,1.685,4155,1.529,3520,1.325,3826,1.449,3566,1.359,3245,1.251,3489,1.380,3605,1.467,3464,1.428,3216,1.347,3491,1.451,3627,1.492,3656,1.535,3159,1.352,3255,1.418,3191,1.422,2887,1.339,2266,1.105,2081,1.058,1985,1.046,1682,0.912,1529,0.852,1530,0.865,1398,0.808
"의왕시",1742,1.637,1512,1.402,1394,1.242,1585,1.308,1546,1.234,1415,1.135,1401,1.203,1361,1.258,1271,1.226,1218,1.152,1451,1.312,1426,1.255,1584,1.378,1548,1.312,1427,1.225,1357,1.209,1218,1.130,941,0.912,869,0.885,923,0.924,942,0.886,1008,0.921,931,0.852,832,0.755
"하남시",1560,1.459,1342,1.286,1243,1.194,1144,1.092,1217,1.169,1063,1.014,1132,1.063,1349,1.254,1301,1.170,1358,1.172,1409,1.199,1335,1.171,1281,1.174,1112,1.057,1142,1.094,1212,1.076,1600,1.152,1850,1.095,1892,1.020,1981,0.975,1958,0.887,2213,0.911,2253,0.888,2021,0.788
"용인시",6749,1.777,6157,1.473,6512,1.358,6957,1.305,7493,1.291,8032,1.270,9072,1.322,10563,1.443,9626,1.320,9072,1.263,9727,1.331,9816,1.337,10099,1.392,9032,1.244,9254,1.290,9296,1.316,8288,1.205,6997,1.039,6598,0.981,6463,0.936,6252,0.907,5990,0.873,5691,0.840,4941,0.741
"처인구",,,,,,,,,,,2060,1.268,2142,1.304,2378,1.448,2200,1.364,1985,1.271,2085,1.360,2022,1.355,1961,1.346,1694,1.184,1820,1.272,1894,1.316,1697,1.202,1499,1.070,1590,1.082,1520,0.980,1414,0.925,1342,0.881,1229,0.810,1075,0.720
"기흥구",,,,,,,,,,,2813,1.290,3515,1.380,4478,1.510,4035,1.337,4018,1.297,4555,1.404,4502,1.363,4648,1.447,4142,1.281,4213,1.318,4279,1.376,3806,1.265,3127,1.072,2814,0.980,2694,0.939,2582,0.904,2476,0.882,2368,0.859,1962,0.731
"수지구",,,,,,,,,,,3159,1.226,3415,1.247,3707,1.330,3391,1.238,3069,1.182,3087,1.188,3292,1.259,3490,1.330,3196,1.215,3221,1.248,3123,1.233,2785,1.123,2371,0.973,2194,0.911,2249,0.900,2256,0.892,2172,0.852,2094,0.828,1904,0.757
"파주시",2494,1.612,2528,1.456,2647,1.372,2673,1.410,2437,1.283,2472,1.254,2977,1.383,3494,1.516,3279,1.402,3123,1.330,3784,1.532,3946,1.483,4382,1.583,3965,1.415,4011,1.431,4078,1.443,3876,1.375,3409,1.199,3227,1.112,3077,1.050,2691,0.917,2542,0.837,2730,0.861,2428,0.756
"이천시",3352,1.938,2955,1.704,2622,1.535,2494,1.470,2387,1.432,2204,1.341,2289,1.402,2547,1.562,2224,1.388,2020,1.286,2314,1.483,2329,1.503,2372,1.562,2013,1.367,1987,1.387,2036,1.470,1879,1.360,1725,1.234,1525,1.106,1359,0.991,1261,0.921,1216,0.878,1190,0.857,1160,0.851
"안성시",1881,1.715,1817,1.590,1828,1.533,1853,1.489,1842,1.482,1683,1.353,1794,1.440,1900,1.522,1960,1.549,1867,1.463,1844,1.436,1973,1.525,1973,1.555,1733,1.404,1612,1.371,1509,1.335,1400,1.285,1236,1.178,1043,1.026,1001,1.002,831,0.842,847,0.855,843,0.846,727,0.741
"김포시",2340,1.689,2257,1.495,2194,1.361,2266,1.347,2255,1.346,1911,1.183,1892,1.211,1996,1.329,1900,1.256,1963,1.243,2151,1.324,2298,1.330,2880,1.472,3010,1.356,3543,1.441,3757,1.461,3346,1.296,3172,1.175,3238,1.094,3160,1.016,3164,0.976,3360,0.968,3209,0.934,2765,0.836
"화성시",,,2714,1.614,2703,1.475,2909,1.522,3272,1.525,3786,1.535,4289,1.627,5400,1.810,6610,1.792,7543,1.773,8207,1.830,7947,1.797,7656,1.757,6525,1.542,6230,1.512,6726,1.555,7262,1.555,7004,1.391,7178,1.309,7158,1.199,6842,1.088,6551,1.006,6445,0.964,6714,0.976
"광주시",,,1958,1.528,2048,1.442,2196,1.378,2326,1.350,2319,1.285,2478,1.346,2781,1.476,2532,1.343,2357,1.274,2539,1.345,2765,1.409,3020,1.471,2845,1.340,3177,1.453,3253,1.450,3044,1.323,2842,1.187,2827,1.127,2662,1.043,2441,0.959,2249,0.883,2220,0.881,1937,0.783
"양주시",,,,,,,1731,1.419,1692,1.367,1618,1.297,1709,1.302,2053,1.496,1880,1.368,1797,1.344,1986,1.442,2086,1.474,2011,1.486,1692,1.297,1689,1.354,1624,1.318,1525,1.279,1402,1.188,1304,1.090,1256,1.030,1243,0.987,1218,0.939,1203,0.896,1389,0.934
"포천시",,,,,,,1673,1.497,1344,1.248,1363,1.254,1503,1.382,1504,1.414,1360,1.311,1286,1.265,1265,1.307,1189,1.281,1301,1.462,1056,1.233,990,1.196,1085,1.354,983,1.258,875,1.152,772,1.056,617,0.889,582,0.868,536,0.805,552,0.823,506,0.783
"여주시",,,,,,,,,,,,,,,,,,,,,,,,,,,839,1.308,847,1.354,822,1.336,781,1.303,628,1.073,627,1.118,591,1.083,554,1.053,457,0.893,468,0.897,417,0.789
"양주군",1696,1.779,1679,1.561,1841,1.556,,,,,,,,,,,,,,,,,,,,,,,,,,,,,,,,,,,,,,,,,,
"여주군",1329,1.695,1284,1.618,1109,1.413,1087,1.429,1061,1.433,1014,1.401,905,1.259,1050,1.456,909,1.264,958,1.346,915,1.307,902,1.347,891,1.347,,,,,,,,,,,,,,,,,,,,,,
"화성군",2910,1.840,,,,,,,,,,,,,,,,,,,,,,,,,,,,,,,,,,,,,,,,,,,,,,
"광주군",1984,1.714,,,,,,,,,,,,,,,,,,,,,,,,,,,,,,,,,,,,,,,,,,,,,,
"연천군",684,1.809,534,1.484,500,1.485,456,1.418,454,1.486,406,1.380,381,1.362,375,1.401,349,1.347,333,1.324,367,1.521,335,1.456,413,1.821,437,1.922,413,1.850,376,1.729,403,1.863,338,1.590,329,1.613,275,1.413,243,1.281,217,1.188,182,1.041,,
"포천군",2032,1.743,1793,1.608,1641,1.473,,,,,,,,,,,,,,,,,,,,,,,,,,,,,,,,,,,,,,,,,,
"가평군",615,1.588,590,1.580,472,1.305,465,1.341,467,1.396,416,1.263,402,1.248,417,1.305,452,1.399,415,1.293,417,1.320,399,1.315,420,1.393,359,1.207,366,1.251,360,1.270,363,1.283,362,1.307,301,1.093,261,0.971,265,1.025,242,0.969,199,0.803,,
"양평군",689,1.276,670,1.269,530,1.042,508,1.014,636,1.265,568,1.160,623,1.261,655,1.338,614,1.237,633,1.279,611,1.223,689,1.340,679,1.296,630,1.224,666,1.294,602,1.180,629,1.220,618,1.163,520,0.994,530,1.024,493,0.967,474,0.945,459,0.917,,
"연천군",,,,,,,,,,,,,,,,,,,,,,,,,,,,,,,,,,,,,,,,,,,,,,,153,0.895
"가평군",,,,,,,,,,,,,,,,,,,,,,,,,,,,,,,,,,,,,,,,,,,,,,,181,0.723
"양평군",,,,,,,,,,,,,,,,,,,,,,,,,,,,,,,,,,,,,,,,,,,,,,,447,0.897
"강원특별자치도",19482,1.600,16873,1.413,15314,1.317,14349,1.279,13776,1.261,12657,1.188,12455,1.202,13690,1.356,12373,1.253,12112,1.248,12477,1.313,12408,1.338,12426,1.374,10980,1.249,10662,1.248,10929,1.311,10058,1.237,8958,1.123,8351,1.067,8283,1.082,7835,1.036,7357,0.979,7278,0.968,6688,0.893
"춘천시",3258,1.520,2828,1.343,2550,1.242,2403,1.202,2249,1.153,2165,1.134,2079,1.108,2315,1.250,2220,1.204,2113,1.144,2276,1.233,2404,1.307,2305,1.270,2136,1.203,2042,1.173,2057,1.202,1993,1.168,1742,1.032,1705,1.024,1675,1.017,1592,0.975,1487,0.902,1509,0.901,1330,0.789
"원주시",3707,1.591,3399,1.463,3076,1.343,3006,1.326,2821,1.257,2718,1.207,2823,1.261,3118,1.398,2880,1.295,2866,1.290,2939,1.327,2943,1.341,2979,1.365,2546,1.193,2509,1.200,2605,1.255,2468,1.188,2291,1.106,2041,0.984,2146,1.030,2076,0.978,2035,0.942,2071,0.941,1934,0.873
"강릉시",2905,1.530,2525,1.350,2203,1.212,2123,1.204,2085,1.218,1796,1.088,1747,1.097,1919,1.249,1640,1.107,1654,1.155,1641,1.173,1671,1.240,1636,1.273,1460,1.173,1298,1.091,1402,1.234,1236,1.137,1084,1.025,1036,1.004,964,0.959,950,0.945,892,0.904,893,0.910,826,0.846
"동해시",1389,1.637,1243,1.478,1105,1.334,1090,1.359,1000,1.280,877,1.163,870,1.210,890,1.296,789,1.205,824,1.318,767,1.282,792,1.386,769,1.381,727,1.378,703,1.370,667,1.340,662,1.387,561,1.236,472,1.096,422,1.046,404,1.055,422,1.102,374,0.987,356,0.949
"태백시",575,1.390,479,1.187,497,1.246,467,1.192,456,1.187,427,1.143,449,1.245,499,1.415,474,1.367,452,1.345,475,1.475,402,1.305,419,1.425,338,1.244,336,1.327,300,1.276,244,1.120,242,1.183,228,1.193,176,1.006,161,1.001,131,0.874,129,0.913,91,0.698
"속초시",1214,1.612,1028,1.407,958,1.342,861,1.260,783,1.187,681,1.080,635,1.066,702,1.216,621,1.115,611,1.124,700,1.337,667,1.315,645,1.329,596,1.268,609,1.352,645,1.486,517,1.238,383,0.908,416,1.031,414,1.046,415,1.063,380,0.964,369,0.913,308,0.761
"삼척시",934,1.649,713,1.330,664,1.314,593,1.235,557,1.199,497,1.111,506,1.170,523,1.256,467,1.168,465,1.172,478,1.236,473,1.266,522,1.454,436,1.245,418,1.245,421,1.307,381,1.262,337,1.158,341,1.191,366,1.344,358,1.361,287,1.187,295,1.260,276,1.201
"홍천군",914,1.761,797,1.573,726,1.500,664,1.452,618,1.392,595,1.368,518,1.239,635,1.550,548,1.367,529,1.381,492,1.350,463,1.306,493,1.433,420,1.238,428,1.290,474,1.479,403,1.323,378,1.270,361,1.255,308,1.125,295,1.102,265,1.029,257,1.023,,
"횡성군",414,1.409,379,1.351,377,1.370,326,1.252,327,1.296,288,1.182,283,1.193,323,1.420,282,1.266,256,1.191,280,1.315,247,1.196,261,1.314,204,1.048,207,1.075,230,1.214,208,1.147,174,0.999,149,0.858,179,1.053,159,0.992,150,0.992,125,0.852,,
"영월군",452,1.440,401,1.223,349,1.120,300,1.166,341,1.419,281,1.246,250,1.159,281,1.374,246,1.245,228,1.178,233,1.274,234,1.330,197,1.184,182,1.103,172,1.083,166,1.092,163,1.116,142,1.010,122,0.907,121,0.920,123,1.009,91,0.798,95,0.864,,
"평창군",517,1.604,403,1.301,401,1.341,334,1.151,345,1.214,291,1.073,289,1.097,321,1.289,306,1.272,256,1.097,275,1.245,229,1.078,259,1.253,245,1.240,202,1.049,208,1.120,186,1.052,185,1.095,142,0.880,144,0.944,109,0.757,106,0.817,96,0.764,,
"정선군",442,1.407,395,1.304,368,1.153,284,0.929,298,1.072,298,1.079,264,0.975,326,1.280,257,1.045,285,1.182,271,1.185,256,1.177,266,1.300,212,1.079,241,1.307,196,1.097,176,1.057,150,0.968,136,0.927,154,1.112,133,1.027,128,1.102,90,0.827,,
"철원군",768,1.959,623,1.658,601,1.697,499,1.494,490,1.532,442,1.421,458,1.529,463,1.629,449,1.625,415,1.501,464,1.722,413,1.607,435,1.741,400,1.626,433,1.835,402,1.724,377,1.656,349,1.591,334,1.538,349,1.652,342,1.656,277,1.394,268,1.398,,
"화천군",373,1.962,381,2.041,335,1.890,300,1.780,286,1.727,275,1.722,264,1.689,293,1.997,259,1.823,250,1.753,243,1.754,256,1.920,277,2.064,238,1.758,248,1.802,267,1.926,221,1.630,199,1.484,202,1.567,195,1.565,150,1.235,138,1.201,155,1.402,,
"양구군",357,2.115,270,1.685,267,1.776,259,1.769,262,1.898,219,1.597,216,1.604,221,1.714,197,1.564,184,1.474,205,1.641,224,1.804,227,1.848,194,1.546,208,1.614,228,1.748,208,1.631,201,1.623,164,1.358,171,1.473,159,1.428,161,1.518,148,1.434,,
"인제군",515,2.044,422,1.728,342,1.468,351,1.580,368,1.679,358,1.613,383,1.759,438,2.079,372,1.836,357,1.811,386,2.004,335,1.768,374,2.075,338,1.910,322,1.821,379,2.161,335,1.970,310,1.833,262,1.579,255,1.642,222,1.439,230,1.472,211,1.311,,
"고성군",412,1.706,325,1.452,259,1.230,267,1.356,259,1.390,244,1.365,244,1.417,213,1.301,198,1.290,188,1.265,170,1.197,213,1.572,190,1.469,162,1.309,158,1.336,148,1.264,147,1.282,135,1.176,106,1.014,127,1.248,98,1.020,93,0.962,109,1.100,,
"양양군",336,1.655,262,1.357,236,1.268,222,1.213,231,1.318,205,1.209,177,1.079,210,1.342,168,1.124,179,1.232,182,1.312,186,1.403,172,1.338,146,1.167,128,1.078,134,1.224,133,1.261,95,0.939,134,1.343,117,1.182,89,0.924,84,0.855,84,0.880,,
"홍천군",,,,,,,,,,,,,,,,,,,,,,,,,,,,,,,,,,,,,,,,,,,,,,,277,1.118
"횡성군",,,,,,,,,,,,,,,,,,,,,,,,,,,,,,,,,,,,,,,,,,,,,,,132,0.924
"영월군",,,,,,,,,,,,,,,,,,,,,,,,,,,,,,,,,,,,,,,,,,,,,,,101,0.939
"평창군",,,,,,,,,,,,,,,,,,,,,,,,,,,,,,,,,,,,,,,,,,,,,,,92,0.754
"정선군",,,,,,,,,,,,,,,,,,,,,,,,,,,,,,,,,,,,,,,,,,,,,,,96,0.971
"철원군",,,,,,,,,,,,,,,,,,,,,,,,,,,,,,,,,,,,,,,,,,,,,,,227,1.248
"화천군",,,,,,,,,,,,,,,,,,,,,,,,,,,,,,,,,,,,,,,,,,,,,,,136,1.271
"양구군",,,,,,,,,,,,,,,,,,,,,,,,,,,,,,,,,,,,,,,,,,,,,,,128,1.278
"인제군",,,,,,,,,,,,,,,,,,,,,,,,,,,,,,,,,,,,,,,,,,,,,,,212,1.355
"고성군",,,,,,,,,,,,,,,,,,,,,,,,,,,,,,,,,,,,,,,,,,,,,,,87,0.870
"양양군",,,,,,,,,,,,,,,,,,,,,,,,,,,,,,,,,,,,,,,,,,,,,,,79,0.824
"충청북도",19628,1.583,17322,1.426,15329,1.294,14650,1.270,14331,1.272,13164,1.195,13366,1.233,15002,1.398,14064,1.319,13903,1.317,14670,1.402,14804,1.428,15139,1.485,13658,1.365,13366,1.363,13563,1.414,12742,1.358,11394,1.235,10586,1.172,9333,1.050,8607,0.983,8190,0.949,7452,0.871,7580,0.886
"청주시",8849,1.587,7603,1.362,6970,1.250,6962,1.250,6846,1.231,6351,1.150,6569,1.215,7055,1.333,6714,1.274,6599,1.265,6950,1.340,7232,1.404,7481,1.467,6728,1.341,,,,,,,,,,,,,,,,,,,,
"상당구",3164,1.514,2332,1.140,2390,1.165,2475,1.180,2697,1.265,2437,1.148,2520,1.206,2654,1.326,2321,1.209,2137,1.154,2251,1.258,2238,1.292,2255,1.335,2152,1.289,,,,,,,,,,,,,,,,,,,,
"흥덕구",5685,1.632,5271,1.491,4580,1.299,4487,1.292,4149,1.210,3914,1.153,4049,1.220,4401,1.338,4393,1.311,4462,1.326,4699,1.384,4994,1.460,5226,1.533,4576,1.367,,,,,,,,,,,,,,,,,,,,
"충주시",2677,1.514,2488,1.472,1987,1.237,1896,1.239,1816,1.244,1595,1.133,1579,1.163,1741,1.310,1614,1.242,1575,1.225,1722,1.346,1672,1.324,1596,1.305,1486,1.254,1440,1.246,1430,1.260,1428,1.314,1234,1.144,1155,1.088,1100,1.054,1042,1.019,954,0.952,869,0.880,930,0.942
"제천시",1649,1.463,1512,1.385,1272,1.226,1043,1.061,1114,1.183,1013,1.122,996,1.143,1053,1.250,1028,1.255,935,1.167,1062,1.343,1065,1.363,1071,1.405,971,1.317,998,1.395,891,1.301,891,1.334,760,1.170,755,1.188,675,1.086,612,1.014,574,1.002,461,0.832,505,0.922
"청주시",,,,,,,,,,,,,,,,,,,,,,,,,,,,,8252,1.367,8529,1.444,7797,1.352,6948,1.227,6429,1.163,5460,0.999,5197,0.959,5100,0.941,4671,0.860,4808,0.880
"상당구",,,,,,,,,,,,,,,,,,,,,,,,,,,,,1362,1.214,1430,1.328,1183,1.168,1018,1.049,958,1.000,882,0.914,993,0.976,1089,0.998,1024,0.910,1012,0.862
"서원구",,,,,,,,,,,,,,,,,,,,,,,,,,,,,2231,1.363,2099,1.366,1799,1.240,1595,1.146,1368,1.041,1042,0.846,904,0.795,837,0.773,858,0.789,857,0.809
"흥덕구",,,,,,,,,,,,,,,,,,,,,,,,,,,,,2647,1.342,2728,1.416,2402,1.275,2230,1.205,2043,1.126,1830,0.993,1836,0.968,1829,0.954,1616,0.840,1785,0.903
"청원구",,,,,,,,,,,,,,,,,,,,,,,,,,,,,2012,1.549,2272,1.667,2413,1.710,2105,1.461,2060,1.438,1706,1.208,1464,1.075,1345,1.023,1173,0.909,1154,0.929
"청원군",1489,1.525,1478,1.520,1317,1.399,1395,1.538,1264,1.455,1187,1.410,1247,1.342,1833,1.735,1670,1.531,1732,1.574,1828,1.657,1846,1.642,1990,1.805,1869,1.695,,,,,,,,,,,,,,,,,,,,
"보은군",376,1.546,333,1.476,307,1.447,249,1.263,226,1.233,243,1.418,212,1.282,206,1.324,209,1.407,205,1.387,182,1.281,188,1.382,186,1.395,148,1.185,178,1.469,185,1.536,185,1.550,174,1.507,178,1.585,102,0.975,112,1.184,71,0.818,79,0.956,,
"옥천군",629,1.533,524,1.355,456,1.228,446,1.244,397,1.153,356,1.087,404,1.280,430,1.404,383,1.277,410,1.391,354,1.248,395,1.461,329,1.271,272,1.102,307,1.324,279,1.254,274,1.277,209,1.026,172,0.894,178,0.957,177,1.000,153,0.918,116,0.721,,
"영동군",586,1.583,522,1.505,441,1.324,364,1.165,373,1.270,350,1.256,335,1.268,353,1.403,307,1.263,303,1.250,342,1.450,296,1.305,330,1.482,278,1.284,255,1.215,245,1.210,228,1.192,299,1.621,285,1.575,221,1.325,216,1.364,159,1.114,130,0.998,,
"진천군",842,1.793,792,1.686,718,1.586,648,1.467,685,1.568,555,1.300,530,1.271,664,1.652,584,1.481,565,1.463,629,1.639,641,1.720,590,1.622,543,1.455,561,1.561,590,1.620,533,1.412,513,1.346,545,1.331,619,1.426,525,1.174,505,1.118,509,1.107,,
"괴산군",414,1.725,346,1.498,287,1.350,249,1.255,206,1.086,184,1.052,196,1.189,209,1.354,173,1.133,187,1.266,179,1.242,145,1.010,174,1.223,131,0.921,151,1.117,128,0.980,120,0.931,128,1.023,101,0.847,112,0.945,78,0.672,83,0.781,75,0.798,,
"음성군",1255,1.871,1042,1.618,953,1.549,859,1.444,845,1.479,759,1.353,777,1.385,880,1.576,824,1.466,842,1.528,841,1.562,787,1.498,848,1.641,742,1.448,716,1.427,756,1.517,772,1.561,670,1.374,538,1.158,503,1.152,375,0.911,341,0.867,316,0.820,,
"단양군",386,1.464,336,1.372,270,1.193,233,1.138,230,1.198,233,1.266,227,1.303,209,1.240,203,1.286,181,1.216,175,1.225,163,1.182,163,1.239,131,1.046,132,1.073,140,1.226,112,0.985,92,0.835,104,0.999,95,0.920,74,0.781,69,0.806,59,0.745,,
"증평군",476,1.716,346,1.322,351,1.430,306,1.275,329,1.390,338,1.495,294,1.322,369,1.675,355,1.573,369,1.607,406,1.773,374,1.674,381,1.732,359,1.657,376,1.772,390,1.832,402,1.802,367,1.669,324,1.506,268,1.303,199,1.005,181,0.951,167,0.883,,
"보은군",,,,,,,,,,,,,,,,,,,,,,,,,,,,,,,,,,,,,,,,,,,,,,,69,0.856
"옥천군",,,,,,,,,,,,,,,,,,,,,,,,,,,,,,,,,,,,,,,,,,,,,,,116,0.754
"영동군",,,,,,,,,,,,,,,,,,,,,,,,,,,,,,,,,,,,,,,,,,,,,,,104,0.866
"진천군",,,,,,,,,,,,,,,,,,,,,,,,,,,,,,,,,,,,,,,,,,,,,,,411,0.911
"괴산군",,,,,,,,,,,,,,,,,,,,,,,,,,,,,,,,,,,,,,,,,,,,,,,63,0.689
"음성군",,,,,,,,,,,,,,,,,,,,,,,,,,,,,,,,,,,,,,,,,,,,,,,301,0.797
"단양군",,,,,,,,,,,,,,,,,,,,,,,,,,,,,,,,,,,,,,,,,,,,,,,60,0.751
"증평군",,,,,,,,,,,,,,,,,,,,,,,,,,,,,,,,,,,,,,,,,,,,,,,213,1.070
"충청남도",24733,1.698,21962,1.532,19059,1.361,18627,1.358,18640,1.357,17521,1.267,18625,1.356,20630,1.506,19749,1.444,19257,1.408,20242,1.479,20398,1.496,20448,1.571,18628,1.442,18200,1.421,18604,1.480,17302,1.395,15670,1.276,14380,1.186,13228,1.112,11950,1.029,10984,0.963,10221,0.909,9436,0.842
"천안시",7361,1.832,6640,1.621,5735,1.406,5773,1.401,6162,1.411,5948,1.287,6403,1.374,6992,1.502,6387,1.383,6017,1.316,6382,1.391,6770,1.458,7078,1.505,6356,1.351,6110,1.301,6412,1.380,6021,1.298,5439,1.164,5213,1.105,4834,1.017,4646,0.980,4409,0.935,3899,0.842,3485,0.767
"동남구",,,,,,,,,,,,,,,,,2596,1.314,2438,1.254,2637,1.350,2771,1.414,2875,1.460,2569,1.326,2433,1.279,2422,1.320,2114,1.206,1678,1.012,1594,0.995,1515,0.955,1370,0.878,1250,0.825,1140,0.769,1073,0.725
"서북구",,,,,,,,,,,,,,,,,3791,1.438,3579,1.364,3745,1.422,3999,1.491,4203,1.535,3787,1.367,3677,1.314,3990,1.417,3907,1.351,3761,1.246,3619,1.159,3319,1.046,3276,1.025,3159,0.985,2759,0.875,2412,0.787
"공주시",1416,1.511,1224,1.335,1117,1.257,1057,1.219,959,1.150,859,1.052,964,1.218,959,1.250,888,1.206,860,1.200,879,1.259,860,1.249,842,1.301,714,1.140,686,1.171,634,1.147,547,1.049,569,1.147,513,1.068,548,1.187,454,1.024,373,0.873,343,0.836,327,0.817
"보령시",1213,1.482,1199,1.522,1008,1.348,945,1.337,918,1.371,784,1.207,865,1.365,846,1.356,848,1.383,782,1.306,811,1.387,820,1.454,743,1.377,641,1.242,689,1.384,636,1.303,627,1.328,539,1.170,455,1.028,461,1.099,407,0.987,368,0.958,359,0.967,290,0.803
"아산시",2886,1.764,2565,1.577,2338,1.431,2386,1.451,2353,1.427,2201,1.321,2397,1.404,2923,1.627,3218,1.646,3501,1.645,3830,1.733,3905,1.759,4007,1.807,3665,1.639,3621,1.603,3760,1.692,3441,1.569,3031,1.397,2693,1.268,2362,1.154,1969,0.990,1810,0.904,1851,0.906,1930,0.904
"서산시",2190,1.854,1904,1.660,1636,1.478,1592,1.460,1564,1.448,1421,1.352,1483,1.429,1790,1.751,1667,1.604,1659,1.591,1715,1.660,1690,1.671,1749,1.763,1601,1.646,1678,1.726,1667,1.752,1564,1.668,1396,1.525,1341,1.467,1193,1.314,1106,1.255,1031,1.179,1036,1.209,858,1.017
"논산시",1476,1.535,1314,1.417,1136,1.281,1041,1.230,1063,1.272,973,1.190,993,1.264,1076,1.428,959,1.327,928,1.323,930,1.356,960,1.444,929,1.436,805,1.274,814,1.323,815,1.384,713,1.246,659,1.191,629,1.179,607,1.175,488,0.984,454,0.957,402,0.881,382,0.868
"계룡시",457,2.012,367,1.696,343,1.519,324,1.423,322,1.467,298,1.268,387,1.525,427,1.606,428,1.545,457,1.541,431,1.412,427,1.470,387,1.459,352,1.364,313,1.324,313,1.305,371,1.661,334,1.441,269,1.190,223,1.076,183,0.910,169,0.830,181,0.885,184,0.797
"당진시",,,,,,,,,,,,,,,,,,,,,,,,,1833,1.882,1873,1.886,1848,1.838,1945,1.949,1717,1.767,1585,1.654,1380,1.494,1247,1.394,1058,1.254,953,1.178,888,1.112,817,1.025
"금산군",695,1.691,595,1.492,491,1.293,475,1.326,425,1.220,422,1.259,431,1.351,492,1.570,463,1.537,424,1.465,515,1.830,435,1.618,402,1.546,350,1.414,335,1.405,292,1.290,289,1.295,233,1.157,211,1.087,207,1.149,185,1.070,149,0.920,132,0.868,,
"연기군",978,1.597,857,1.415,852,1.385,812,1.305,933,1.511,826,1.349,755,1.271,836,1.475,812,1.519,713,1.364,888,1.681,761,1.451,,,,,,,,,,,,,,,,,,,,,,,,
"부여군",818,1.591,692,1.391,582,1.225,602,1.341,522,1.245,506,1.259,509,1.321,478,1.311,468,1.341,403,1.205,424,1.338,365,1.199,403,1.381,349,1.242,328,1.193,346,1.311,292,1.150,262,1.086,210,0.909,186,0.853,167,0.809,129,0.680,133,0.747,,
"서천군",670,1.540,601,1.485,494,1.314,458,1.321,391,1.197,407,1.303,371,1.246,369,1.307,363,1.364,333,1.294,345,1.368,363,1.472,307,1.304,295,1.299,285,1.288,251,1.213,226,1.147,214,1.137,205,1.178,169,1.047,170,1.123,160,1.100,133,0.978,,
"청양군",368,1.683,343,1.617,286,1.433,255,1.367,250,1.473,219,1.396,218,1.475,222,1.563,219,1.602,188,1.419,201,1.537,195,1.552,197,1.659,203,1.767,173,1.501,170,1.497,135,1.196,121,1.098,110,1.055,104,1.025,92,0.978,90,1.047,76,0.896,,
"홍성군",977,1.576,852,1.442,723,1.273,722,1.272,673,1.183,670,1.227,666,1.261,720,1.422,664,1.337,613,1.288,611,1.326,578,1.277,595,1.336,580,1.307,549,1.226,613,1.354,691,1.436,698,1.371,627,1.258,574,1.189,560,1.204,508,1.124,407,0.923,,
"예산군",920,1.441,774,1.254,697,1.175,646,1.170,585,1.119,570,1.144,600,1.243,659,1.412,555,1.237,575,1.303,546,1.280,570,1.378,549,1.376,465,1.202,440,1.176,410,1.160,316,0.960,318,1.054,256,0.870,296,1.047,247,0.921,206,0.780,212,0.827,,
"태안군",723,1.712,654,1.576,551,1.387,474,1.280,464,1.322,429,1.243,468,1.358,479,1.434,441,1.381,440,1.407,403,1.309,424,1.430,427,1.509,379,1.407,331,1.268,340,1.321,352,1.372,272,1.092,268,1.105,217,0.932,218,1.002,175,0.875,169,0.884,,
"당진군",1585,1.823,1381,1.653,1070,1.339,1065,1.398,1056,1.422,988,1.310,1115,1.440,1362,1.613,1369,1.556,1364,1.555,1331,1.486,1275,1.370,,,,,,,,,,,,,,,,,,,,,,,,
"금산군",,,,,,,,,,,,,,,,,,,,,,,,,,,,,,,,,,,,,,,,,,,,,,,104,0.703
"부여군",,,,,,,,,,,,,,,,,,,,,,,,,,,,,,,,,,,,,,,,,,,,,,,94,0.540
"서천군",,,,,,,,,,,,,,,,,,,,,,,,,,,,,,,,,,,,,,,,,,,,,,,99,0.730
"청양군",,,,,,,,,,,,,,,,,,,,,,,,,,,,,,,,,,,,,,,,,,,,,,,64,0.759
"홍성군",,,,,,,,,,,,,,,,,,,,,,,,,,,,,,,,,,,,,,,,,,,,,,,388,0.899
"예산군",,,,,,,,,,,,,,,,,,,,,,,,,,,,,,,,,,,,,,,,,,,,,,,280,1.026
"태안군",,,,,,,,,,,,,,,,,,,,,,,,,,,,,,,,,,,,,,,,,,,,,,,134,0.737
"전라북도",25173,1.595,22192,1.426,19215,1.275,18437,1.274,17257,1.239,15745,1.184,15571,1.213,17228,1.380,15878,1.305,15233,1.279,16100,1.374,16175,1.405,16238,1.440,14555,1.320,14231,1.329,14087,1.352,12698,1.251,11348,1.151,10001,1.044,8971,0.971,8165,0.909,7475,0.850,7032,0.817,6622,0.780
"전주시",8889,1.591,7795,1.408,6743,1.244,6522,1.237,6183,1.206,5756,1.149,5643,1.151,6202,1.286,5853,1.232,5422,1.148,5762,1.230,5852,1.262,5939,1.300,5400,1.205,5390,1.233,5370,1.255,4797,1.149,4298,1.054,3827,0.954,3502,0.883,3207,0.811,3134,0.786,2878,0.730,2680,0.691
"완산구",4399,1.514,4074,1.405,3477,1.203,3575,1.249,3324,1.188,3121,1.132,3060,1.132,3253,1.237,3005,1.165,2797,1.098,2913,1.153,3092,1.228,3154,1.264,2910,1.186,2961,1.232,2838,1.197,2620,1.135,2224,0.995,1865,0.872,1572,0.778,1438,0.722,1357,0.685,1272,0.647,1180,0.613
"덕진구",4490,1.675,3721,1.410,3266,1.291,2947,1.223,2859,1.228,2635,1.169,2583,1.172,2949,1.347,2848,1.312,2625,1.208,2849,1.321,2760,1.303,2785,1.345,2490,1.230,2429,1.235,2532,1.327,2177,1.168,2074,1.126,1962,1.049,1930,0.992,1769,0.902,1777,0.889,1606,0.812,1500,0.769
"군산시",3775,1.604,3352,1.463,2766,1.249,2652,1.253,2553,1.254,2280,1.162,2307,1.216,2530,1.381,2324,1.285,2446,1.350,2566,1.416,2650,1.475,2750,1.545,2607,1.489,2485,1.473,2440,1.495,2104,1.324,1799,1.177,1529,1.038,1357,0.971,1296,0.954,1134,0.860,1120,0.877,986,0.796
"익산시",4570,1.592,4059,1.445,3598,1.325,3502,1.353,3175,1.278,2897,1.220,2794,1.230,3032,1.379,2723,1.289,2498,1.229,2631,1.337,2594,1.340,2691,1.426,2341,1.285,2257,1.273,2297,1.341,2010,1.213,1874,1.158,1597,1.030,1341,0.908,1199,0.851,1068,0.791,1010,0.773,909,0.704
"정읍시",1692,1.534,1442,1.317,1324,1.303,1195,1.176,1110,1.146,970,1.168,889,1.136,1011,1.367,851,1.200,811,1.183,912,1.386,886,1.425,845,1.424,735,1.271,708,1.302,692,1.338,646,1.318,536,1.125,527,1.143,463,1.063,368,0.866,357,0.889,354,0.898,333,0.875
"남원시",1194,1.611,1146,1.568,963,1.361,944,1.376,851,1.310,741,1.245,716,1.269,749,1.421,706,1.411,609,1.282,681,1.480,671,1.513,629,1.462,616,1.471,571,1.473,514,1.383,520,1.467,433,1.266,450,1.337,427,1.324,381,1.215,343,1.161,275,0.960,248,0.908
"김제시",1167,1.541,1010,1.360,890,1.254,820,1.218,787,1.236,694,1.165,737,1.308,768,1.440,679,1.347,710,1.491,681,1.474,698,1.580,661,1.554,559,1.357,518,1.310,476,1.268,454,1.257,417,1.200,353,1.052,297,0.923,293,0.969,269,0.918,350,1.199,409,1.367
"완주군",1081,1.692,982,1.524,937,1.424,926,1.489,868,1.459,798,1.378,882,1.532,916,1.648,877,1.611,928,1.723,994,1.866,1011,1.933,979,1.910,812,1.612,797,1.577,902,1.697,809,1.509,712,1.379,561,1.136,474,1.040,396,0.923,344,0.822,355,0.865,,
"진안군",301,1.716,242,1.367,217,1.264,200,1.225,176,1.071,165,1.038,179,1.311,272,1.888,283,1.904,278,2.057,325,2.410,278,2.102,272,2.128,221,1.874,183,1.645,194,1.821,173,1.750,155,1.625,160,1.714,151,1.685,138,1.637,120,1.562,85,1.190,,
"무주군",245,1.374,209,1.235,179,1.095,184,1.290,184,1.386,183,1.460,193,1.588,230,1.875,206,1.629,204,1.660,181,1.537,198,1.745,178,1.614,151,1.443,168,1.659,144,1.460,124,1.324,104,1.208,79,0.915,73,0.888,89,1.111,62,0.830,59,0.848,,
"장수군",260,1.507,232,1.318,171,1.049,182,1.193,180,1.167,185,1.422,158,1.340,199,1.566,207,1.620,158,1.454,186,1.780,188,1.859,162,1.665,162,1.695,138,1.464,128,1.388,126,1.380,98,1.140,87,1.049,96,1.204,95,1.279,72,1.050,65,1.004,,
"임실군",308,1.507,268,1.362,221,1.174,228,1.323,192,1.197,174,1.113,180,1.176,241,1.635,266,1.876,257,1.922,246,1.877,230,1.836,239,1.981,211,1.769,210,1.805,189,1.634,162,1.432,178,1.581,156,1.397,151,1.416,165,1.749,150,1.803,125,1.560,,
"순창군",319,1.756,292,1.703,234,1.450,233,1.526,185,1.215,213,1.373,204,1.270,279,1.709,223,1.454,226,1.563,223,1.620,216,1.644,199,1.536,161,1.212,148,1.144,186,1.475,252,2.017,219,1.795,216,1.816,181,1.639,166,1.660,85,0.946,67,0.822,,
"고창군",646,1.691,570,1.498,475,1.302,386,1.142,391,1.225,331,1.144,350,1.257,393,1.493,341,1.335,337,1.328,346,1.376,353,1.441,328,1.371,281,1.177,338,1.445,288,1.278,253,1.116,235,1.044,244,1.147,232,1.226,203,1.145,169,1.019,151,0.949,,
"부안군",726,1.653,593,1.374,497,1.204,463,1.256,422,1.203,358,1.039,339,1.071,406,1.353,339,1.169,349,1.246,366,1.340,350,1.337,366,1.449,298,1.203,320,1.352,267,1.178,268,1.204,290,1.361,215,1.060,226,1.211,169,0.953,168,1.009,138,0.881,,
"완주군",,,,,,,,,,,,,,,,,,,,,,,,,,,,,,,,,,,,,,,,,,,,,,,408,0.893
"진안군",,,,,,,,,,,,,,,,,,,,,,,,,,,,,,,,,,,,,,,,,,,,,,,92,1.315
"무주군",,,,,,,,,,,,,,,,,,,,,,,,,,,,,,,,,,,,,,,,,,,,,,,48,0.726
"장수군",,,,,,,,,,,,,,,,,,,,,,,,,,,,,,,,,,,,,,,,,,,,,,,65,1.125
"임실군",,,,,,,,,,,,,,,,,,,,,,,,,,,,,,,,,,,,,,,,,,,,,,,99,1.285
"순창군",,,,,,,,,,,,,,,,,,,,,,,,,,,,,,,,,,,,,,,,,,,,,,,80,1.008
"고창군",,,,,,,,,,,,,,,,,,,,,,,,,,,,,,,,,,,,,,,,,,,,,,,138,0.891
"부안군",,,,,,,,,,,,,,,,,,,,,,,,,,,,,,,,,,,,,,,,,,,,,,,127,0.845
"전라남도",26046,1.750,22588,1.566,19242,1.391,18333,1.389,17256,1.360,15818,1.290,15905,1.337,17844,1.542,16363,1.449,15995,1.445,16654,1.537,16612,1.568,16990,1.642,15401,1.518,14817,1.497,15061,1.549,13980,1.466,12354,1.325,11238,1.240,10832,1.234,9738,1.145,8430,1.017,7888,0.969,7828,0.972
"목포시",3428,1.627,2959,1.426,2654,1.304,2518,1.277,2387,1.232,2191,1.146,2261,1.199,2520,1.350,2635,1.415,2526,1.366,2601,1.445,2633,1.507,2566,1.508,2168,1.327,1936,1.261,1930,1.304,1823,1.268,1431,1.038,1318,0.992,1208,0.948,963,0.801,792,0.700,820,0.737,815,0.762
"여수시",4309,1.700,3771,1.535,3147,1.331,3106,1.369,2902,1.334,2534,1.204,2518,1.237,2743,1.392,2532,1.310,2437,1.278,2554,1.379,2658,1.467,2572,1.462,2424,1.414,2300,1.381,2503,1.550,2286,1.464,2023,1.334,1744,1.192,1572,1.108,1471,1.067,1356,1.009,1267,0.952,1121,0.853
"순천시",3758,1.685,3363,1.534,2951,1.377,2726,1.313,2664,1.321,2354,1.197,2363,1.233,2485,1.337,2297,1.272,2165,1.239,2136,1.250,2186,1.300,2224,1.343,2115,1.298,2035,1.261,2134,1.340,1961,1.247,1852,1.180,1722,1.108,1792,1.160,1608,1.041,1563,1.000,1506,0.971,1389,0.897
"나주시",1241,1.820,1015,1.542,879,1.410,869,1.438,798,1.388,697,1.257,720,1.354,786,1.518,675,1.358,629,1.338,572,1.276,565,1.329,682,1.641,671,1.599,645,1.486,809,1.639,902,1.589,943,1.504,889,1.360,820,1.250,733,1.109,701,1.054,679,1.027,722,1.086
"광양시",2445,1.981,2007,1.717,1676,1.488,1505,1.416,1452,1.406,1478,1.485,1505,1.555,1673,1.762,1594,1.697,1601,1.695,1793,1.886,1783,1.867,1934,2.002,1761,1.839,1691,1.809,1680,1.835,1447,1.586,1300,1.450,1171,1.333,1111,1.272,1024,1.232,892,1.111,860,1.061,827,0.996
"담양군",581,1.673,417,1.279,425,1.394,339,1.176,375,1.319,342,1.221,361,1.314,413,1.524,342,1.359,368,1.582,364,1.588,319,1.423,382,1.685,350,1.586,363,1.692,334,1.599,314,1.514,292,1.423,273,1.384,238,1.268,240,1.332,155,0.903,147,0.855,,
"곡성군",362,1.475,344,1.492,280,1.360,266,1.420,242,1.372,246,1.437,263,1.630,237,1.539,232,1.562,215,1.509,197,1.455,216,1.684,176,1.452,181,1.528,150,1.347,158,1.437,144,1.348,115,1.144,130,1.336,88,1.000,68,0.811,44,0.544,41,0.535,,
"구례군",325,1.682,283,1.496,249,1.357,244,1.484,202,1.282,207,1.346,198,1.358,239,1.710,196,1.480,199,1.569,179,1.456,198,1.725,168,1.534,175,1.702,149,1.449,156,1.570,145,1.476,118,1.247,72,0.740,105,1.136,88,1.047,87,1.138,68,0.942,,
"고흥군",802,1.627,686,1.482,589,1.359,552,1.337,481,1.229,500,1.385,409,1.189,469,1.453,417,1.378,432,1.497,399,1.449,352,1.360,327,1.329,283,1.197,251,1.101,236,1.091,270,1.323,227,1.153,219,1.168,252,1.438,243,1.459,191,1.245,163,1.095,,
"보성군",565,1.786,494,1.662,364,1.269,354,1.330,349,1.378,304,1.241,392,1.650,551,2.341,385,1.641,382,1.679,438,2.003,431,2.049,410,2.055,308,1.615,314,1.737,295,1.700,244,1.492,228,1.478,170,1.195,154,1.159,127,1.057,91,0.814,81,0.793,,
"화순군",1324,1.979,1160,1.743,1089,1.668,991,1.627,887,1.549,748,1.390,696,1.359,793,1.665,628,1.393,624,1.500,584,1.469,581,1.532,527,1.480,443,1.279,408,1.274,372,1.219,332,1.126,304,1.072,269,0.990,281,1.107,262,1.091,191,0.808,171,0.739,,
"장흥군",507,1.796,446,1.690,391,1.544,308,1.318,322,1.504,287,1.379,256,1.296,285,1.517,272,1.499,248,1.422,234,1.348,226,1.310,250,1.440,246,1.402,225,1.283,212,1.204,163,1.013,161,1.112,176,1.248,205,1.510,233,1.774,161,1.337,131,1.148,,
"강진군",443,1.656,399,1.481,296,1.152,305,1.360,260,1.247,312,1.549,322,1.656,446,2.259,437,2.207,401,2.002,473,2.339,471,2.281,411,2.070,363,1.988,349,1.921,301,1.755,270,1.717,222,1.527,194,1.412,189,1.429,129,1.063,102,0.907,91,0.888,,
"해남군",1038,1.834,897,1.630,725,1.416,664,1.406,631,1.375,626,1.435,614,1.463,654,1.636,610,1.620,530,1.436,596,1.660,518,1.524,832,2.470,808,2.349,835,2.433,839,2.464,786,2.423,640,2.099,533,1.886,490,1.893,395,1.668,295,1.361,216,1.042,,
"영암군",961,2.179,776,1.831,679,1.622,780,1.891,679,1.716,606,1.599,603,1.632,757,2.112,660,1.898,666,1.974,723,2.172,722,2.190,701,2.184,665,2.150,601,2.002,602,2.107,504,1.902,436,1.777,368,1.594,342,1.542,285,1.375,228,1.161,176,0.946,,
"무안군",730,1.845,645,1.684,491,1.358,489,1.467,453,1.441,434,1.388,455,1.475,534,1.657,532,1.542,630,1.647,742,1.798,672,1.608,672,1.634,599,1.419,630,1.446,641,1.444,612,1.413,502,1.178,448,1.054,414,1.038,422,1.012,458,0.967,498,1.010,,
"함평군",365,1.595,358,1.715,288,1.460,299,1.513,269,1.412,262,1.426,255,1.425,274,1.613,243,1.490,262,1.677,242,1.653,266,1.898,279,2.101,237,1.786,249,1.954,202,1.630,205,1.701,160,1.371,146,1.289,123,1.181,132,1.345,83,0.924,73,0.881,,
"영광군",856,1.832,740,1.671,604,1.478,542,1.452,507,1.456,457,1.375,442,1.394,535,1.758,452,1.543,463,1.643,472,1.717,470,1.770,487,1.848,417,1.609,432,1.674,415,1.652,403,1.656,360,1.544,411,1.816,570,2.538,558,2.455,413,1.869,393,1.803,,
"장성군",621,1.677,571,1.607,462,1.390,505,1.615,439,1.489,407,1.441,387,1.439,444,1.743,416,1.686,390,1.664,406,1.753,415,1.839,428,1.978,360,1.687,378,1.825,440,2.101,385,1.887,329,1.641,344,1.778,267,1.429,260,1.509,153,0.953,126,0.827,,
"완도군",661,1.902,570,1.695,460,1.435,439,1.443,434,1.519,362,1.316,390,1.473,410,1.580,334,1.367,338,1.404,437,1.861,422,1.811,449,1.962,389,1.710,421,1.902,379,1.767,386,1.828,331,1.634,310,1.616,282,1.567,244,1.439,203,1.295,163,1.129,,
"진도군",389,1.866,345,1.737,293,1.540,276,1.540,226,1.301,206,1.259,239,1.492,283,1.804,219,1.466,227,1.579,241,1.722,249,1.824,249,1.874,210,1.600,211,1.663,206,1.697,181,1.546,174,1.533,133,1.217,160,1.529,110,1.073,129,1.273,102,1.101,,
"신안군",335,1.557,342,1.648,250,1.219,256,1.293,297,1.555,258,1.481,256,1.466,313,1.731,255,1.426,262,1.532,271,1.598,259,1.584,264,1.706,228,1.510,244,1.651,217,1.539,217,1.573,206,1.595,198,1.593,169,1.437,143,1.338,142,1.501,116,1.298,,
"담양군",,,,,,,,,,,,,,,,,,,,,,,,,,,,,,,,,,,,,,,,,,,,,,,188,1.132
"곡성군",,,,,,,,,,,,,,,,,,,,,,,,,,,,,,,,,,,,,,,,,,,,,,,63,0.846
"구례군",,,,,,,,,,,,,,,,,,,,,,,,,,,,,,,,,,,,,,,,,,,,,,,51,0.770
"고흥군",,,,,,,,,,,,,,,,,,,,,,,,,,,,,,,,,,,,,,,,,,,,,,,164,1.153
"보성군",,,,,,,,,,,,,,,,,,,,,,,,,,,,,,,,,,,,,,,,,,,,,,,103,1.092
"화순군",,,,,,,,,,,,,,,,,,,,,,,,,,,,,,,,,,,,,,,,,,,,,,,213,0.898
"장흥군",,,,,,,,,,,,,,,,,,,,,,,,,,,,,,,,,,,,,,,,,,,,,,,137,1.257
"강진군",,,,,,,,,,,,,,,,,,,,,,,,,,,,,,,,,,,,,,,,,,,,,,,156,1.468
"해남군",,,,,,,,,,,,,,,,,,,,,,,,,,,,,,,,,,,,,,,,,,,,,,,258,1.356
"영암군",,,,,,,,,,,,,,,,,,,,,,,,,,,,,,,,,,,,,,,,,,,,,,,187,1.009
"무안군",,,,,,,,,,,,,,,,,,,,,,,,,,,,,,,,,,,,,,,,,,,,,,,472,0.968
"함평군",,,,,,,,,,,,,,,,,,,,,,,,,,,,,,,,,,,,,,,,,,,,,,,100,1.217
"영광군",,,,,,,,,,,,,,,,,,,,,,,,,,,,,,,,,,,,,,,,,,,,,,,362,1.651
"장성군",,,,,,,,,,,,,,,,,,,,,,,,,,,,,,,,,,,,,,,,,,,,,,,172,1.152
"완도군",,,,,,,,,,,,,,,,,,,,,,,,,,,,,,,,,,,,,,,,,,,,,,,145,1.048
"진도군",,,,,,,,,,,,,,,,,,,,,,,,,,,,,,,,,,,,,,,,,,,,,,,81,0.908
"신안군",,,,,,,,,,,,,,,,,,,,,,,,,,,,,,,,,,,,,,,,,,,,,,,102,1.164
"경상북도",35190,1.578,30500,1.402,26022,1.232,25447,1.253,23553,1.203,22339,1.173,22567,1.208,25062,1.369,23538,1.313,22373,1.274,23700,1.377,24250,1.434,24635,1.489,22206,1.379,22062,1.408,22310,1.464,20616,1.396,17957,1.256,16079,1.167,14472,1.089,12873,1.003,12045,0.966,11311,0.930,10186,0.860
"포항시",6417,1.529,5469,1.328,4646,1.157,4612,1.203,4240,1.137,4086,1.124,4067,1.139,4409,1.257,4301,1.236,4201,1.208,4587,1.330,4645,1.359,4817,1.424,4548,1.378,4514,1.404,4604,1.475,4088,1.352,3511,1.217,3109,1.117,2701,1.014,2461,0.956,2221,0.883,2187,0.889,2040,0.848
"남구",3411,1.530,2933,1.347,2590,1.221,2414,1.196,2238,1.150,2146,1.133,2081,1.126,2233,1.236,2262,1.260,2168,1.214,2370,1.355,2401,1.399,2407,1.443,2236,1.395,2160,1.403,2264,1.529,1956,1.371,1608,1.184,1440,1.110,1221,0.997,1070,0.920,956,0.859,888,0.825,864,0.814
"북구",3006,1.527,2536,1.306,2056,1.084,2198,1.210,2002,1.121,1940,1.116,1986,1.153,2176,1.280,2039,1.210,2033,1.202,2217,1.305,2244,1.318,2410,1.405,2312,1.363,2354,1.406,2340,1.426,2132,1.334,1903,1.247,1669,1.123,1480,1.028,1391,0.984,1265,0.904,1299,0.939,1176,0.875
"경주시",3962,1.586,3234,1.343,2705,1.173,2681,1.216,2457,1.166,2206,1.107,2250,1.181,2401,1.305,2181,1.236,2028,1.193,2071,1.264,1961,1.244,2020,1.331,1774,1.214,1739,1.241,1743,1.294,1627,1.258,1364,1.093,1251,1.036,1112,0.942,1103,0.971,1062,0.951,981,0.893,981,0.909
"김천시",1687,1.480,1489,1.344,1208,1.133,1179,1.134,1126,1.127,1030,1.097,1041,1.141,1310,1.482,1290,1.490,1152,1.386,1119,1.398,1076,1.384,1154,1.530,998,1.362,980,1.384,1012,1.419,1123,1.515,1066,1.432,1017,1.414,878,1.271,842,1.254,809,1.231,754,1.164,675,1.062
"안동시",1891,1.409,1726,1.323,1542,1.206,1444,1.177,1371,1.157,1273,1.114,1261,1.150,1511,1.418,1432,1.356,1478,1.413,1586,1.528,1613,1.584,1640,1.653,1497,1.551,1327,1.420,1475,1.619,1330,1.526,1185,1.420,947,1.201,868,1.170,726,1.017,737,1.042,661,0.963,600,0.887
"구미시",6680,1.817,5679,1.578,4984,1.392,5162,1.451,4897,1.373,4744,1.315,4855,1.326,5219,1.417,4837,1.324,4388,1.217,4776,1.335,5079,1.418,5386,1.510,4790,1.368,4917,1.438,4760,1.440,4286,1.343,3727,1.201,3360,1.110,2891,0.984,2695,0.944,2409,0.872,2201,0.818,1861,0.710
"영주시",1352,1.479,1192,1.353,1017,1.206,998,1.233,857,1.105,814,1.108,841,1.195,832,1.239,798,1.241,762,1.240,791,1.332,799,1.368,850,1.497,703,1.289,668,1.298,654,1.357,611,1.322,535,1.182,506,1.214,395,0.995,362,0.966,375,1.028,337,0.961,302,0.863
"영천시",1314,1.427,1150,1.302,888,1.057,938,1.192,804,1.089,711,1.017,731,1.123,776,1.242,784,1.291,735,1.259,827,1.468,802,1.454,802,1.512,711,1.423,719,1.502,723,1.554,631,1.412,584,1.353,499,1.180,654,1.549,570,1.358,539,1.322,532,1.313,465,1.189
"상주시",1117,1.518,929,1.299,809,1.185,780,1.205,694,1.138,691,1.188,630,1.136,698,1.313,689,1.344,703,1.396,692,1.410,638,1.361,657,1.453,577,1.326,551,1.308,564,1.391,510,1.302,447,1.176,456,1.241,437,1.238,358,1.066,314,0.988,323,1.073,292,0.978
"문경시",759,1.413,692,1.296,578,1.151,505,1.100,458,1.042,452,1.092,394,1.000,489,1.314,464,1.259,503,1.326,544,1.411,613,1.591,604,1.650,547,1.565,531,1.551,526,1.571,442,1.382,390,1.304,301,1.084,313,1.190,327,1.291,300,1.219,266,1.104,214,0.917
"경산시",3627,1.648,3130,1.468,2688,1.290,2492,1.231,2397,1.218,2238,1.145,2414,1.220,2834,1.433,2523,1.314,2489,1.331,2423,1.342,2563,1.439,2660,1.516,2451,1.422,2490,1.462,2477,1.457,2509,1.521,2091,1.300,1859,1.182,1639,1.065,1340,0.888,1409,0.934,1300,0.873,1179,0.807
"군위군",218,1.281,184,0.983,194,1.046,143,0.916,151,1.080,189,1.483,163,1.372,174,1.623,168,1.648,129,1.325,110,1.201,135,1.548,138,1.673,99,1.199,111,1.376,97,1.239,101,1.333,100,1.360,81,1.179,79,1.233,59,1.014,54,1.060,75,1.486,,
"의성군",506,1.337,372,1.030,356,1.070,311,1.024,287,1.012,330,1.201,324,1.236,371,1.467,340,1.419,305,1.334,315,1.450,298,1.446,287,1.448,256,1.371,255,1.446,249,1.505,265,1.652,221,1.404,240,1.630,255,1.761,226,1.598,178,1.375,185,1.457,,
"청송군",281,1.385,267,1.363,232,1.294,208,1.260,187,1.235,175,1.235,155,1.155,202,1.588,172,1.432,139,1.251,121,1.169,148,1.485,159,1.636,137,1.468,142,1.602,137,1.548,118,1.380,128,1.531,84,1.090,116,1.623,78,1.184,88,1.385,74,1.207,,
"영양군",183,1.575,158,1.425,120,1.147,125,1.311,99,1.094,124,1.387,105,1.182,119,1.426,110,1.426,83,1.083,84,1.197,81,1.205,96,1.470,109,1.666,105,1.631,90,1.517,74,1.277,80,1.485,63,1.170,74,1.437,52,1.078,40,0.858,31,0.696,,
"영덕군",428,1.482,314,1.166,293,1.056,293,1.086,233,1.020,253,1.141,271,1.205,290,1.311,224,1.134,231,1.217,251,1.431,212,1.272,218,1.355,204,1.320,211,1.446,215,1.542,163,1.225,208,1.631,152,1.219,180,1.488,151,1.360,105,1.003,108,1.141,,
"청도군",364,1.177,334,1.158,275,0.971,246,0.892,240,0.935,203,0.855,227,0.989,270,1.233,190,0.902,200,1.003,197,0.999,212,1.133,193,1.088,162,0.948,146,0.872,175,1.081,163,1.083,143,0.975,146,1.056,134,1.009,112,0.903,93,0.800,109,0.985,,
"고령군",409,1.560,375,1.511,303,1.306,257,1.202,252,1.236,221,1.132,251,1.288,262,1.355,257,1.369,229,1.270,239,1.364,237,1.352,282,1.614,248,1.474,258,1.619,255,1.710,205,1.460,171,1.306,141,1.156,116,1.037,100,0.977,100,1.064,88,0.975,,
"성주군",478,1.549,402,1.379,327,1.114,315,1.121,293,1.126,265,1.075,284,1.218,280,1.254,276,1.297,270,1.291,258,1.260,300,1.465,323,1.586,283,1.449,284,1.470,319,1.674,303,1.640,273,1.541,252,1.486,211,1.314,188,1.264,184,1.309,156,1.183,,
"칠곡군",1919,1.934,2000,1.868,1604,1.523,1621,1.561,1479,1.455,1392,1.397,1397,1.415,1609,1.610,1592,1.573,1444,1.429,1790,1.828,1905,2.016,1426,1.592,1270,1.435,1263,1.440,1361,1.583,1307,1.541,1039,1.292,876,1.185,662,0.964,464,0.741,443,0.756,407,0.723,,
"예천군",475,1.558,394,1.389,320,1.186,313,1.234,285,1.189,263,1.134,273,1.189,286,1.289,243,1.156,231,1.120,257,1.307,285,1.490,255,1.373,238,1.340,220,1.300,252,1.544,238,1.431,231,1.272,310,1.527,337,1.541,314,1.380,293,1.303,262,1.159,,
"봉화군",324,1.411,284,1.340,242,1.212,219,1.138,224,1.272,205,1.219,207,1.333,237,1.600,235,1.631,221,1.562,270,1.932,230,1.687,243,1.860,202,1.578,205,1.652,193,1.623,181,1.600,167,1.566,153,1.512,141,1.480,108,1.302,70,0.930,70,1.026,,
"울진군",693,1.564,646,1.482,628,1.503,548,1.419,466,1.310,410,1.243,353,1.160,400,1.380,356,1.259,389,1.448,342,1.313,357,1.390,367,1.515,347,1.479,380,1.662,374,1.647,303,1.430,264,1.255,244,1.210,235,1.236,207,1.118,196,1.102,184,1.052,,
"울릉군",106,1.738,80,1.381,63,1.214,57,1.218,56,1.196,64,1.285,73,1.325,83,1.405,76,1.289,63,1.020,50,0.796,61,0.996,58,0.983,55,1.011,46,0.919,55,1.164,38,0.870,32,0.745,32,0.767,44,1.170,30,0.860,26,0.811,20,0.639,,
"의성군",,,,,,,,,,,,,,,,,,,,,,,,,,,,,,,,,,,,,,,,,,,,,,,177,1.406
"청송군",,,,,,,,,,,,,,,,,,,,,,,,,,,,,,,,,,,,,,,,,,,,,,,77,1.334
"영양군",,,,,,,,,,,,,,,,,,,,,,,,,,,,,,,,,,,,,,,,,,,,,,,30,0.755
"영덕군",,,,,,,,,,,,,,,,,,,,,,,,,,,,,,,,,,,,,,,,,,,,,,,81,0.864
"청도군",,,,,,,,,,,,,,,,,,,,,,,,,,,,,,,,,,,,,,,,,,,,,,,97,0.909
"고령군",,,,,,,,,,,,,,,,,,,,,,,,,,,,,,,,,,,,,,,,,,,,,,,89,1.038
"성주군",,,,,,,,,,,,,,,,,,,,,,,,,,,,,,,,,,,,,,,,,,,,,,,147,1.169
"칠곡군",,,,,,,,,,,,,,,,,,,,,,,,,,,,,,,,,,,,,,,,,,,,,,,336,0.646
"예천군",,,,,,,,,,,,,,,,,,,,,,,,,,,,,,,,,,,,,,,,,,,,,,,282,1.184
"봉화군",,,,,,,,,,,,,,,,,,,,,,,,,,,,,,,,,,,,,,,,,,,,,,,59,0.915
"울진군",,,,,,,,,,,,,,,,,,,,,,,,,,,,,,,,,,,,,,,,,,,,,,,176,1.053
"울릉군",,,,,,,,,,,,,,,,,,,,,,,,,,,,,,,,,,,,,,,,,,,,,,,26,0.789
"경상남도",41680,1.586,36475,1.417,32203,1.272,32102,1.290,30922,1.266,28471,1.189,29524,1.254,33313,1.434,31493,1.368,30320,1.323,32203,1.413,32536,1.446,33211,1.503,29504,1.367,29763,1.409,29537,1.437,27138,1.358,23849,1.227,21224,1.122,19250,1.046,16823,0.945,15562,0.903,14017,0.838,13049,0.799
"창원시",9254,1.791,7940,1.584,6467,1.353,6073,1.352,5575,1.300,5080,1.227,4908,1.225,5583,1.415,5158,1.331,4931,1.283,,,,,,,,,,,,,,,,,,,,,,,,,,,,
"마산시",4954,1.317,4291,1.166,3941,1.090,3766,1.070,3689,1.080,3419,1.024,3372,1.029,3716,1.166,3290,1.070,3098,1.041,,,,,,,,,,,,,,,,,,,,,,,,,,,,
"합포구",2303,1.288,,,,,,,,,,,,,,,,,,,,,,,,,,,,,,,,,,,,,,,,,,,,,,
"회원구",2651,1.345,,,,,,,,,,,,,,,,,,,,,,,,,,,,,,,,,,,,,,,,,,,,,,
"진주시",4266,1.451,3740,1.307,3332,1.200,3251,1.208,3091,1.179,2733,1.065,2909,1.175,3105,1.296,2863,1.231,2613,1.135,2876,1.267,2905,1.293,2866,1.300,2614,1.219,2737,1.298,2687,1.290,2624,1.268,2296,1.139,2161,1.097,1972,1.010,1822,0.942,1751,0.912,1790,0.944,1666,0.887
"진해시",1988,1.687,1778,1.528,1735,1.432,2084,1.584,2048,1.504,1830,1.327,2143,1.522,2381,1.695,2358,1.666,2302,1.606,,,,,,,,,,,,,,,,,,,,,,,,,,,,
"통영시",1551,1.480,1336,1.318,1161,1.179,1187,1.234,1123,1.180,1085,1.164,1158,1.255,1359,1.473,1449,1.552,1433,1.513,1583,1.655,1584,1.677,1551,1.674,1193,1.324,1273,1.459,1233,1.484,1059,1.328,845,1.137,641,0.928,536,0.836,468,0.776,424,0.764,392,0.759,343,0.711
"사천시",1609,1.619,1386,1.407,1194,1.246,1205,1.335,1073,1.252,958,1.176,1019,1.266,1177,1.483,1139,1.462,1102,1.438,1134,1.532,1098,1.495,1161,1.613,1031,1.446,1024,1.479,968,1.518,871,1.451,738,1.298,610,1.135,497,0.974,523,1.068,462,1.002,458,0.999,399,0.909
"김해시",5394,1.647,4915,1.497,4651,1.352,5261,1.430,5279,1.401,5029,1.323,5207,1.364,5822,1.548,5376,1.433,5267,1.390,5607,1.471,5473,1.463,5629,1.541,5060,1.397,5287,1.473,5182,1.495,4700,1.403,3995,1.234,3433,1.082,3431,1.083,2995,0.952,2802,0.909,2537,0.842,2513,0.838
"밀양시",1280,1.502,1037,1.261,885,1.125,859,1.141,752,1.057,744,1.090,697,1.050,824,1.286,715,1.145,659,1.075,686,1.150,628,1.093,666,1.220,561,1.062,562,1.119,617,1.268,638,1.343,627,1.360,468,1.063,457,1.104,373,0.941,342,0.902,320,0.873,264,0.741
"거제시",3183,2.054,2769,1.788,2492,1.623,2498,1.620,2534,1.620,2374,1.513,2625,1.634,3019,1.839,3028,1.777,3182,1.802,3380,1.883,3411,1.906,3593,1.974,3280,1.794,3389,1.847,3533,1.911,3233,1.773,2614,1.524,2030,1.255,1618,1.061,1446,1.015,1198,0.909,959,0.779,816,0.717
"양산시",3108,1.668,2857,1.507,2534,1.337,2534,1.331,2423,1.295,2237,1.191,2445,1.304,2670,1.436,2618,1.399,2439,1.277,2706,1.371,2960,1.484,2935,1.486,2671,1.367,2961,1.466,3079,1.504,2901,1.401,3005,1.376,3033,1.331,2678,1.178,2370,1.066,2096,0.960,1742,0.822,1682,0.806
"창원시",,,,,,,,,,,,,,,,,,,,,10865,1.323,11223,1.384,11627,1.462,10207,1.326,9684,1.314,9526,1.345,8574,1.261,7515,1.141,6922,1.087,6249,1.009,5376,0.895,5213,0.887,4747,0.824,4377,0.774
"의창구",,,,,,,,,,,,,,,,,,,,,2270,1.230,2241,1.229,2437,1.350,2249,1.268,2272,1.298,2358,1.375,2020,1.230,1817,1.136,1680,1.084,1611,1.041,1521,0.963,1227,0.914,1045,0.826,957,0.770
"성산구",,,,,,,,,,,,,,,,,,,,,2768,1.427,2852,1.507,2884,1.560,2558,1.421,2356,1.382,2156,1.327,1902,1.229,1616,1.077,1624,1.097,1387,0.956,1136,0.815,1296,0.820,1248,0.780,1226,0.770
"마산합포구",,,,,,,,,,,,,,,,,,,,,1408,1.121,1531,1.230,1655,1.344,1400,1.181,1379,1.209,1370,1.241,1265,1.190,1153,1.109,1062,1.058,958,1.012,713,0.793,861,0.952,805,0.873,737,0.811
"마산회원구",,,,,,,,,,,,,,,,,,,,,1952,1.171,2066,1.260,2034,1.297,1747,1.167,1666,1.181,1598,1.208,1429,1.127,1199,1.007,982,0.890,841,0.816,789,0.795,708,0.752,640,0.710,576,0.659
"진해구",,,,,,,,,,,,,,,,,,,,,2467,1.706,2533,1.740,2617,1.815,2253,1.617,2011,1.527,2044,1.608,1958,1.586,1730,1.426,1574,1.321,1452,1.229,1217,1.094,1121,1.044,1009,0.965,881,0.873
"의령군",308,1.584,253,1.399,213,1.240,192,1.146,197,1.222,162,1.027,156,1.035,202,1.328,219,1.492,231,1.644,224,1.626,203,1.543,217,1.705,157,1.298,180,1.602,141,1.317,123,1.198,132,1.376,111,1.180,88,0.975,87,1.044,73,0.932,74,1.019,,
"함안군",685,1.504,603,1.356,565,1.301,516,1.245,478,1.211,434,1.180,478,1.279,666,1.696,657,1.623,633,1.561,604,1.518,548,1.446,547,1.484,521,1.460,490,1.408,510,1.450,474,1.416,387,1.210,307,1.012,291,1.058,207,0.806,171,0.717,154,0.702,,
"창녕군",638,1.419,570,1.337,464,1.154,312,0.827,387,1.084,345,1.010,354,1.112,391,1.280,359,1.231,326,1.143,344,1.242,381,1.372,386,1.391,390,1.411,380,1.400,374,1.420,389,1.495,385,1.522,334,1.363,316,1.326,242,1.110,215,1.052,150,0.798,,
"고성군",507,1.271,502,1.321,400,1.111,357,1.042,329,1.036,309,1.022,323,1.105,356,1.227,406,1.407,413,1.409,467,1.610,438,1.545,453,1.638,378,1.422,349,1.392,315,1.307,273,1.208,229,1.057,207,1.068,158,0.869,137,0.825,120,0.790,92,0.661,,
"남해군",438,1.372,351,1.184,331,1.203,271,1.066,284,1.157,221,0.953,245,1.110,295,1.214,270,1.128,252,1.189,242,1.203,219,1.113,185,0.990,155,0.933,192,1.192,182,1.238,140,0.994,125,0.953,107,0.847,118,0.977,105,0.897,91,0.805,102,0.954,,
"하동군",559,1.473,500,1.342,383,1.080,354,1.050,358,1.109,317,1.094,305,1.114,361,1.265,320,1.140,277,1.100,317,1.366,283,1.211,292,1.312,213,1.073,224,1.218,240,1.341,228,1.269,188,1.083,176,1.119,185,1.273,136,1.049,127,1.129,93,0.874,,
"산청군",341,1.445,291,1.286,250,1.178,240,1.208,225,1.228,217,1.235,211,1.292,255,1.613,198,1.321,187,1.273,214,1.504,234,1.678,206,1.531,209,1.603,225,1.759,234,1.888,207,1.732,191,1.614,143,1.253,145,1.324,86,0.852,89,0.992,59,0.686,,
"함양군",446,1.726,361,1.464,310,1.336,299,1.400,261,1.253,270,1.344,298,1.499,312,1.637,277,1.489,262,1.450,276,1.530,222,1.235,237,1.388,238,1.444,223,1.429,209,1.404,178,1.221,160,1.124,150,1.071,136,1.030,105,0.861,99,0.886,76,0.682,,
"거창군",707,1.639,577,1.375,538,1.327,452,1.158,488,1.292,415,1.144,402,1.143,477,1.386,460,1.363,407,1.238,421,1.308,442,1.419,415,1.383,393,1.350,376,1.332,338,1.234,352,1.321,294,1.147,266,1.079,238,0.999,238,1.046,203,0.920,175,0.836,,
"합천군",464,1.429,418,1.348,357,1.245,391,1.313,328,1.090,292,1.006,269,0.984,342,1.309,333,1.260,306,1.216,257,1.162,284,1.406,245,1.255,233,1.230,207,1.116,169,0.980,174,1.106,123,0.839,125,0.935,137,1.110,107,0.927,86,0.805,97,1.011,,
"의령군",,,,,,,,,,,,,,,,,,,,,,,,,,,,,,,,,,,,,,,,,,,,,,,53,0.746
"함안군",,,,,,,,,,,,,,,,,,,,,,,,,,,,,,,,,,,,,,,,,,,,,,,145,0.728
"창녕군",,,,,,,,,,,,,,,,,,,,,,,,,,,,,,,,,,,,,,,,,,,,,,,138,0.810
"고성군",,,,,,,,,,,,,,,,,,,,,,,,,,,,,,,,,,,,,,,,,,,,,,,85,0.619
"남해군",,,,,,,,,,,,,,,,,,,,,,,,,,,,,,,,,,,,,,,,,,,,,,,69,0.661
"하동군",,,,,,,,,,,,,,,,,,,,,,,,,,,,,,,,,,,,,,,,,,,,,,,90,0.868
"산청군",,,,,,,,,,,,,,,,,,,,,,,,,,,,,,,,,,,,,,,,,,,,,,,62,0.764
"함양군",,,,,,,,,,,,,,,,,,,,,,,,,,,,,,,,,,,,,,,,,,,,,,,78,0.734
"거창군",,,,,,,,,,,,,,,,,,,,,,,,,,,,,,,,,,,,,,,,,,,,,,,211,1.020
"합천군",,,,,,,,,,,,,,,,,,,,,,,,,,,,,,,,,,,,,,,,,,,,,,,58,0.636
"제주특별자치도",8633,1.783,7453,1.564,6530,1.394,6583,1.438,6097,1.365,5734,1.310,5853,1.372,6178,1.489,5593,1.386,5433,1.378,5657,1.463,5628,1.487,5992,1.598,5328,1.427,5526,1.481,5600,1.477,5494,1.432,5037,1.305,4781,1.220,4500,1.145,3989,1.021,3728,0.951,3599,0.919,3222,0.827
"제주시",4762,1.764,4176,1.564,3692,1.381,4020,1.528,3535,1.368,3238,1.266,4241,1.330,4522,1.448,4090,1.341,4002,1.338,4249,1.445,4257,1.474,4672,1.616,4191,1.451,4381,1.522,4364,1.494,4228,1.435,3819,1.301,3745,1.264,3419,1.150,3075,1.035,2890,0.969,2766,0.926,2516,0.844
"서귀포시",1312,1.760,1084,1.504,995,1.425,855,1.278,838,1.295,793,1.269,1612,1.496,1656,1.612,1503,1.522,1431,1.502,1408,1.519,1371,1.533,1320,1.531,1137,1.339,1145,1.343,1236,1.417,1266,1.422,1218,1.318,1036,1.081,1081,1.130,914,0.977,838,0.891,833,0.898,706,0.767
"북제주군",1458,1.838,1300,1.675,1078,1.409,1020,1.356,1013,1.370,941,1.336,,,,,,,,,,,,,,,,,,,,,,,,,,,,,,,,,,,,
"남제주군",1101,1.813,893,1.519,765,1.372,688,1.304,711,1.413,762,1.553,,,,,,,,,,,,,,,,,,,,,,,,,,,,,,,,,,,,
